종목코드,종목명,시장구분,섹터,산업,상장일,결산월,대표자명,홈페이지,지역
095570,AJ네트웍스,KOSPI,산업용 기계 및 장비 임대업,"렌탈(파렛트, OA장비, 건설장비)",2015-08-21,12월,손삼달,http://www.ajnet.co.kr,서울특별시
006840,AK홀딩스,KOSPI,기타 금융업,지주사업,1999-08-11,12월,채형석,http://www.aekyunggroup.co.kr,서울특별시
027410,BGF,KOSPI,기타 금융업,지주회사,2014-05-19,12월,홍정국,http://www.bgf.co.kr,서울특별시
282330,BGF리테일,KOSPI,종합 소매업,체인화 편의점,2017-12-08,12월,민승배,http://www.bgfretail.com,서울특별시
138930,BNK금융지주,KOSPI,기타 금융업,금융지주회사,2011-03-30,12월,빈대인,http://www.bnkfg.com,부산광역시
001460,BYC,KOSPI,봉제의복 제조업,"메리야스,란제리 제조,도매/건축공사/부동산 임대,분양,공급",1975-06-02,12월,김 대 환,http://home.byc.co.kr,서울특별시
001465,BYC우,KOSPI,,,,,,,
001040,CJ,KOSPI,기타 금융업,지주회사,1973-06-29,12월,"손경식, 김홍기",http://www.cj.net,서울특별시
079160,CJ CGV,KOSPI,"영화, 비디오물, 방송프로그램 제작 및 배급업","영화상영,영화관 운영",2004-12-24,12월,허민회,http://www.cgv.co.kr,서울특별시
00104K,CJ4우(전환),KOSPI,,,,,,,
000120,CJ대한통운,KOSPI,도로 화물 운송업,"Contract Logistics, 포워딩, 항만하역, 해운, 택배국제특송, SCM Consulting",1956-07-02,12월,"신영수, 민영학 (각자 대표)",http://www.cjlogistics.com,서울특별시
011150,CJ씨푸드,KOSPI,기타 식품 제조업,"수산물(어묵,맛살)가공품 도매,원양수산업,수출입",1988-11-26,12월,임항순,http://www.cjseafood.net,경기도
011155,CJ씨푸드1우,KOSPI,,,,,,,
001045,CJ우,KOSPI,,,,,,,
097950,CJ제일제당,KOSPI,기타 식품 제조업,"설탕,소맥분,조미식품,육가공식품(돈육,돼지비계,돼지식용설육),대두가공식품,사료,의약품,생활화학제품 제조,도매,무역/통신판매",2007-09-28,12월,"손경식,강신호(각자 대표이사)",http://www.cj.co.kr,서울특별시
097955,CJ제일제당 우,KOSPI,,,,,,,
000480,CR홀딩스,KOSPI,"내화, 비내화 요업제품 제조업","내화연와(정형,부정형,S/N,CCN),단열벽돌,스라이딩노즐,연주용 특수내화물 제조",1978-06-30,12월,강문수,http://www.crholdings.co.kr,전라남도
000590,CS홀딩스,KOSPI,기타 금융업,"브랜드 수익, 자회사 배당",1975-12-22,12월,장원영,http://www.chosunwelding.com,경상북도
012030,DB,KOSPI,"컴퓨터 프로그래밍, 시스템 통합 및 관리업","컴퓨터 프로그래밍, 시스템 통합 및 관리",1993-01-06,12월,"문덕식,강운식 (각자 대표이사)",http://www.dbinc.co.kr,서울특별시
016610,DB금융투자,KOSPI,금융 지원 서비스업,"유가증권,위탁매매,인수,자기매매",1988-06-27,12월,곽봉석,http://db-fi.com,서울특별시
005830,DB손해보험,KOSPI,보험업,"자동차보험,화재보험,해상보험,특종보험,장기보험",1973-06-28,12월,"김정남, 정종표",http://www.idbins.com,서울특별시
000990,DB하이텍,KOSPI,반도체 제조업,반도체 제조,1975-12-12,12월,조기석,http://www.dbhitek.co.kr,경기도
139130,DGB금융지주,KOSPI,기타 금융업,지주회사,2011-06-07,12월,황병우,http://www.dgbfg.co.kr,대구광역시
001530,DI동일,KOSPI,상품 중개업,"면사,화섬사,면포,혼방포,스포츠웨어용 신합섬 제조,도매,수출",1964-01-04,12월,"서태원, 손재선",http://www.dong-il.com,서울특별시
000210,DL,KOSPI,기초 화학물질 제조업,지주회사,1976-02-02,12월,김종현,http://www.dlholdings.co.kr,서울특별시
000215,DL우,KOSPI,,,,,,,
375500,DL이앤씨,KOSPI,토목 건설업,토목 건설 사업,2021-01-25,12월,박상신,,서울특별시
37550L,DL이앤씨2우(전환),KOSPI,,,,,,,
37550K,DL이앤씨우,KOSPI,,,,,,,
007340,DN오토모티브,KOSPI,일차전지 및 이차전지 제조업,자동차용 밧데리,1988-09-24,12월,김상헌 김인환,http://www.dnautomotive.com,경상남도
004840,DRB동일,KOSPI,고무제품 제조업,"고무벨트(V벨트,콘베이어벨트,평벨트),프라스틱제품 제조,판매",1976-05-21,12월,류영식,http://www.drbworld.com,부산광역시
155660,DSR,KOSPI,1차 비철금속 제조업,합섬섬유로프,2013-05-15,12월,홍석빈,http://www.dsr.com,부산광역시
069730,DSR제강,KOSPI,1차 철강 제조업,"와이어로프,각종 경강선,철선제품,PC강선,아연도 강연선 제조",2003-01-28,12월,"홍하종, 홍석빈 (각자 대표이사)",http://www.dsrcorp.com,전라남도
017860,DS단석,KOSPI,기타 화학제품 제조업,바이오에너지,2023-12-22,12월,한승욱,http://dsdansuk.com,경기도
017940,E1,KOSPI,기타 전문 도매업,"LPG(프로판,부탄가스),가스기기판매",1997-08-27,12월,"구자용, 천정식 (각자 대표이사)",http://www.e1.co.kr,서울특별시
365550,ESR켄달스퀘어리츠,KOSPI,부동산 임대 및 공급업,부동산투자,2020-12-23,05월,조주현,http://www.esrks-reit.com,서울특별시
383220,F&F,KOSPI,봉제의복 제조업,"MLB, MLB KIDS, DISCOVERY 등 패션의류제품",2021-05-21,12월,김창수,http://www.fnf.co.kr,서울특별시
007700,F&F홀딩스,KOSPI,기타 금융업,지주회사,1984-10-04,12월,박의헌,http://www.fnfholdings.com,서울특별시
114090,GKL,KOSPI,유원지 및 기타 오락관련 서비스업,카지노,2009-11-19,12월,윤두현,http://www.grandkorea.com,서울특별시
078930,GS,KOSPI,기타 금융업,지주회사/부동산 임대,2004-08-05,12월,"허태수, 홍순기 (각자 대표이사)",,서울특별시
006360,GS건설,KOSPI,건물 건설업,"토목공사,건축공사,주택공사,산업플랜트공사,리모델링공사,시설물유지관리공사/산업설비설계,감리 용역,수출입/에너지관리 진단,연구개발",1981-08-03,12월,"허창수, 허윤홍(각자 대표이사)",http://www.gsconst.co.kr/,서울특별시
001250,GS글로벌,KOSPI,상품 종합 도매업,"수출입업(시멘트,철강금속,전기전자,섬유,기계화학),상품중개,광업,채석업/하수처리 서비스/부동산 임대",1976-06-26,12월,이영환,http://www.gsgcorp.com,서울특별시
007070,GS리테일,KOSPI,종합 소매업,"체인화 편의점,슈퍼마켓,마트,전자상거래/부동산(빌딩) 임대",2011-12-23,12월,허연수,http://www.gsretail.com,서울특별시
078935,GS우,KOSPI,,,,,,,
499790,GS피앤엘,KOSPI,기타 금융업,지주회사,2024-12-23,12월,김원식,http://www.gspnl.com,서울특별시
012630,HDC,KOSPI,기타 금융업,지주회사,1996-10-16,12월,"정몽규, 정경구",http://www.hdc-holdings.com,서울특별시
039570,HDC랩스,KOSPI,전기 및 통신 공사업,"기계설비공사, 스마트홈, 지능형 빌딩, SOC, 인테리어, 조경, 시설관리",2015-09-24,12월,김성은,http://www.hdc-labs.com/,서울특별시
089470,HDC현대EP,KOSPI,기타 화학제품 제조업,"합성수지(PP컴파운딩가공,자동차범퍼,내장제) 제조,도소매",2006-09-25,12월,정 중 규,http://www.hdc-hyundaiep.com/,충청남도
294870,HDC현대산업개발,KOSPI,건물 건설업,"외주주택, 자체공사, 일반건축, 토목 등",2018-06-12,12월,"최익훈, 김회언, 조태제 (각자 대표이사)",http://www.hdc-dvp.com,서울특별시
009540,HD한국조선해양,KOSPI,기타 금융업,"선박,해양구조물,엔진,펌프 전동기,중전기,중장비 제조/자동창고,물류시스템",1999-08-24,12월,"정기선, 김성준 (각자 대표이사)",http://www.ksoe.co.kr,경기도
267250,HD현대,KOSPI,기타 금융업,지주회사,2017-05-10,12월,"권오갑, 정기선",http://www.hd.com,경기도
267270,HD현대건설기계,KOSPI,일반 목적용 기계 제조업,"굴삭기, 지게차, 휠로더 등",2017-05-10,12월,최철곤,http://www.hd-hyundaice.com,경기도
443060,HD현대마린솔루션,KOSPI,"건축기술, 엔지니어링 및 관련 기술 서비스업","AM(After Market) 솔루션, 친환경 Retrofit, 디지털 제어",2024-05-08,12월,이기동,http://www.hd-marinesolution.com/,부산광역시
071970,HD현대마린엔진,KOSPI,일반 목적용 기계 제조업,"조선기자재, 기계부품",2009-05-15,12월,강영,http://www.hd-marineengine.com,경상남도
010620,HD현대미포,KOSPI,선박 및 보트 건조업,"선박수리,선박개조,선박신조",1983-12-20,12월,김형관,http://www.hd-hmd.com,울산광역시
322000,HD현대에너지솔루션,KOSPI,반도체 제조업,"태양광 셀·모듈, PV시스템, ESS",2019-11-19,12월,박종환,http://www.hd-hyundaies.co.kr,경기도
042670,HD현대인프라코어,KOSPI,특수 목적용 기계 제조업,"굴착기,엔진 제조,도소매",2001-02-02,12월,"조영철, 오승현",http://www.hd-infracore.com,인천광역시
267260,HD현대일렉트릭,KOSPI,"전동기, 발전기 및 전기 변환 · 공급 · 제어 장치 제조업","변압기, 고압차단기, 회전기, 배전반 등",2017-05-10,12월,조 석,http://www.hyundai-elec.com,경기도
329180,HD현대중공업,KOSPI,선박 및 보트 건조업,"선박, 해양플랜트 및 엔진기계 등",2021-09-17,12월,"이상균, 노진율 (각자 대표이사)",http://www.hhi.co.kr,울산광역시
097230,HJ중공업,KOSPI,토목 건설업,"선박건조,기계플랜트 제조/토목공사,건축공사,조경공사,전기공사,가스공사,준설공사,기계설비공사",2007-08-31,12월,"김완석, 유상철",http://www.hjsc.co.kr,부산광역시
014790,HL D&I,KOSPI,토목 건설업,"토목,건축,전기,환경사업,준설공사,포장공사,주택,중기임대",1994-08-12,12월,홍석화,http://www.halla.co.kr,서울특별시
003580,HLB글로벌,KOSPI,종합 소매업,"모래 및 자갈 채취업,콤부차,그린월,화장품,신약개발 등",1990-03-23,12월,김광재,http://www.hlbglobal.co.kr,강원특별자치도
204320,HL만도,KOSPI,자동차 신품 부품 제조업,"제동장치, 조향장치, 현가장치",2014-10-06,12월,"조성현, 김현욱 (각자대표)",http://www.mando.com,경기도
060980,HL홀딩스,KOSPI,기타 금융업,지주회사 및 경영컨설팅 서비스업,2010-05-19,12월,"김광헌, 김준범",http://hlholdings.co.kr,경기도
011200,HMM,KOSPI,해상 운송업,"정기,부정기,전용선,콘테이너선,자동차선,LNG선 해운",1995-10-05,12월,김경배,http://www.hmm21.com,서울특별시
035000,HS애드,KOSPI,광고업,광고,1999-08-11,12월,박애리,http://www.hsad.co.kr/kor/main,서울특별시
002460,HS화성,KOSPI,건물 건설업,아파트 건설,1988-09-29,12월,"이종원,최진엽",http://www.hwasung.com,대구광역시
487570,HS효성,KOSPI,기타 금융업,지주사업,2024-07-29,12월,"조현상, 안성훈",http://www.hshyosung.com,서울특별시
298050,HS효성첨단소재,KOSPI,화학섬유 제조업,PET타이어코드,2018-07-13,12월,"조용수, 성낙양(각자 대표이사)",http://www.hyosungadvancedmaterials.com,서울특별시
003560,IHQ,KOSPI,"영화, 비디오물, 방송프로그램 제작 및 배급업","매니지먼트, 음반, 드라마 제작, 유료방송, 프로그램 공급, 광고대행",1973-12-18,12월,오준,http://www.ihq.co.kr,서울특별시
175330,JB금융지주,KOSPI,기타 금융업,금융지주 회사,2013-07-18,12월,김기홍,http://www.jbfg.com,전북특별자치도
234080,JW생명과학,KOSPI,의약품 제조업,"기초수액, TPN, 특수수액, HEMO, 영양수액 등",2016-10-27,12월,노정열,http://www.jw-lifescience.co.kr,충청남도
001060,JW중외제약,KOSPI,의약품 제조업,"수액제,이상지질혈증치료제,혈우병치료제,소화기궤양치료제,항생제,도매",1976-06-14,12월,대표이사 신영섭,http://www.jw-pharma.co.kr,경기도
001067,JW중외제약2우B,KOSPI,,,,,,,
001065,JW중외제약우,KOSPI,,,,,,,
096760,JW홀딩스,KOSPI,기타 금융업,의약품 수출입업,2007-07-31,12월,"이경하, 차성남",http://jw-holdings.co.kr,경기도
105560,KB금융,KOSPI,기타 금융업,-,2008-10-10,12월,양종희,http://www.kbfg.com,서울특별시
415640,KB발해인프라,KOSPI,신탁업 및 집합투자업,,2024-11-29,12월,법인이사 케이비자산운용(주),,서울특별시
432320,KB스타리츠,KOSPI,부동산 임대 및 공급업,"벨기에 North Galaxy Towers, 영국 Samsung Europe HQ",2022-10-06,01월,신명재,http://www.kbstarreit.com,서울특별시
002380,KCC,KOSPI,기타 화학제품 제조업,"건축용단열재,내외장재,스레트,밤라이트,암면,석고보드,판유리 제조",1973-06-25,12월,"정몽진, 정재훈",http://www.kccworld.co.kr,서울특별시
344820,KCC글라스,KOSPI,유리 및 유리제품 제조업,판유리 등,2020-01-21,12월,"정몽익, 변종오(각자대표이사)",http://www.kccglass.co.kr,서울특별시
009070,KCTC,KOSPI,도로 화물 운송업,"화물자동차운송,항만하역,창고보관,컨테이너조작,중량물해상운송",1978-09-29,12월,류주환,http://www.kctc.co.kr,서울특별시
009440,KC그린홀딩스,KOSPI,기타 금융업,기타금융업,1994-11-05,12월,이태영,http://www.kcgreenholdings.com,서울특별시
119650,KC코트렐,KOSPI,일반 목적용 기계 제조업,전기집진기 등,2010-01-29,12월,박기서,http://www.kc-cottrell.com/,서울특별시
092220,KEC,KOSPI,반도체 제조업,반도체 제조,2006-10-16,12월,이종홍,http://www.kec.co.kr,서울특별시
003620,KG모빌리티,KOSPI,자동차용 엔진 및 자동차 제조업,"자동차,자동차부품,차륜,정비 제조/도소매",1975-05-29,12월,"곽재선, 황기영, 박장호(각자대표이사)",http://www.kg-mobility.com,경기도
016380,KG스틸,KOSPI,1차 철강 제조업,"철강재(냉연강판,아연도강판,칼라강판,석도강판,선재류,강관,형강,봉강),비철금속 제조,도매",1986-02-03,12월,박성희,http://kg-steel.co.kr,서울특별시
001390,KG케미칼,KOSPI,기초 화학물질 제조업,"콘크리트혼화제, 비료, 친환경농자재, 수처리제",1989-08-25,12월,"곽정현, 김재익",http://www.kgchem.co.kr,울산광역시
033180,KH 필룩스,KOSPI,전자부품 제조업,"전자부품(페라이트코아,트랜스포머,데코램프) 제조/온라인정보 제공/부동산 임대",2001-12-26,12월,배보성,http://www.feelux.com,경기도
015590,KIB플러그에너지,KOSPI,일반 목적용 기계 제조업,"열교환기,압력용기,저장탱크,산업용보일러 제조",1989-05-27,12월,"김선기, 백승륜",http://www.kibplugenergy.com,울산광역시
001940,KISCO홀딩스,KOSPI,1차 철강 제조업,지주사업,1989-11-13,12월,"장세홍, 이병제 (각자대표)",http://www.kiscoholdings.co.kr,경상남도
025000,KPX케미칼,KOSPI,기초 화학물질 제조업,"PPG,PU RESIN,우레탄수지,대향막박리재,반도체 CM PAD,Polyether Polyol,산업용기초화학제품,화공약품 제조,판매",1994-12-27,12월,"양준영, 박승구, 이찬수(각자대표이사)",http://www.kpxchemical.com,서울특별시
092230,KPX홀딩스,KOSPI,기초 화학물질 제조업,지주회사,2006-10-12,12월,양준영,http://www.kpxholdings.com,서울특별시
000040,KR모터스,KOSPI,그외 기타 운송장비 제조업,"이륜차(오토바이) 제조,도매",1976-05-25,12월,노성석,http://www.krmotors.com,경상남도
044450,KSS해운,KOSPI,해상 운송업,"특수화물해상운송(액화가스,LPG,암모니아,VCM,석유화학제품 등), 선박대여",2007-10-26,12월,박찬도,http://www.kssline.com,서울특별시
030200,KT,KOSPI,전기 통신업,"유무선통신사업,공중전기통신사업,인터넷,전자상거래,네트워크(전용회선,데이터통신,초고속사업 등)",1998-12-23,12월,김영섭,http://www.kt.com,경기도
033780,KT&G,KOSPI,담배 제조업,"잎담배,제조담배,홍삼,홍삼제품 제조,판매",1999-10-08,12월,방경만,http://www.ktng.com,대전광역시
058850,KTcs,KOSPI,기타 정보 서비스업,전화번호검색 데이타제공/콜센터 운영,2010-09-16,12월,김현수,http://www.ktcs.co.kr,대전광역시
058860,KTis,KOSPI,기타 정보 서비스업,"114전화번호안내, 고객센터",2010-12-17,12월,이선주,http://www.ktis.co.kr,서울특별시
093050,LF,KOSPI,봉제의복 제조업,"기성복, 의류, 잡화, 제조",2006-12-01,12월,"오규식, 김상균 (각자 대표이사)",http://www.lfcorp.com,서울특별시
003550,LG,KOSPI,기타 금융업,지주회사,1970-02-13,12월,"구광모, 권봉석",http://www.lg.co.kr,서울특별시
034220,LG디스플레이,KOSPI,전자부품 제조업,액정표시장치(TFT-LCD) 제조,2004-07-23,12월,정철동,http://www.lgdisplay.com,서울특별시
051900,LG생활건강,KOSPI,기타 화학제품 제조업,"화장품,생활용품 제조,도매",2001-04-25,12월,이정애,http://www.lghnh.com,서울특별시
051905,LG생활건강우,KOSPI,,,,,,,
373220,LG에너지솔루션,KOSPI,일차전지 및 이차전지 제조업,"2차전지 (소형,ESS,자동차전지)",2022-01-27,12월,김동명,,서울특별시
003555,LG우,KOSPI,,,,,,,
032640,LG유플러스,KOSPI,전기 통신업,"개인휴대통신서비스,음성서비스,데이터서비스,부가통신/단말기 도소매/프로그램 개발,자료제공",2008-04-21,12월,황현식,http://www.uplus.co.kr,서울특별시
011070,LG이노텍,KOSPI,전자부품 제조업,기타 전자부품 제조업,2008-07-24,12월,문혁수,http://www.lginnotek.co.kr,서울특별시
066570,LG전자,KOSPI,통신 및 방송 장비 제조업,"이동통신단말기,C-TV,V.C.R.,컴퓨터,완전평면 TV,플라즈마 디스플레이 패널 TV,전자제품(세탁기외),CDMA(코드분할다중접속)이동통신,전자교환기,전송기기",2002-04-22,12월,조주완,http://www.lge.co.kr,서울특별시
066575,LG전자우,KOSPI,,,,,,,
037560,LG헬로비전,KOSPI,텔레비전 방송업,"케이블TV, 인터넷서비스 등",2012-11-09,12월,송구영,http://www.lghellovision.net,서울특별시
051910,LG화학,KOSPI,기초 화학물질 제조업,"유화/기능/합성수지,재생섬유소,산업재,리튬이온전지,평광판,PVC 제조,도매",2001-04-25,12월,신학철,http://www.lgchem.com,서울특별시
051915,LG화학우,KOSPI,,,,,,,
079550,LIG넥스원,KOSPI,무기 및 총포탄 제조업,정밀유도무기 등,2015-10-02,12월,신익현,http://www.lignex1.com,경기도
006260,LS,KOSPI,기타 금융업,"전력용전선,일반전선,통신케이블,동선,알루미늄선,공조기,프라스틱사출성형기 제조,도매",1977-06-30,12월,명노현,http://www.lsholdings.co.kr,서울특별시
010120,LS ELECTRIC,KOSPI,"전동기, 발전기 및 전기 변환 · 공급 · 제어 장치 제조업","고압기기,저압기기,변압기,배전반,PLC,인버터,빌딩설비,공조기,건축배관,자동화기기 제조,동가공",1994-07-11,12월,"구자균, 김동현",http://www.ls-electric.com,경기도
000680,LS네트웍스,KOSPI,상품 종합 도매업,"혁화,의류,등산용품 도매,제조/부동산 임대",1973-11-15,12월,문성준,http://www.lsnetworks.co.kr,경상남도
229640,LS에코에너지,KOSPI,기타 금융업,,2016-09-22,12월,이상호,http://www.lsecoenergy.com,서울특별시
108320,LX세미콘,KOSPI,반도체 제조업,Display Driver IC,2022-11-03,12월,이윤태,http://www.lxsemicon.com,대전광역시
001120,LX인터내셔널,KOSPI,상품 중개업,"전자,기계,화공,유류.금속,의류 수출입,도소매",1976-01-30,12월,윤춘성,http://www.lxinternational.co.kr,서울특별시
108670,LX하우시스,KOSPI,플라스틱제품 제조업,"창호재, 자동차부품 등",2009-04-20,12월,한명호,http://www.lxhausys.com,서울특별시
108675,LX하우시스우,KOSPI,,,,,,,
383800,LX홀딩스,KOSPI,기타 금융업,지주회사,2021-05-27,12월,"구본준, 노진서",http://www.lxholdings.co.kr,서울특별시
38380K,LX홀딩스1우,KOSPI,,,,,,,
023150,MH에탄올,KOSPI,알코올음료 제조업,"주정,탄산가스 제조",1996-12-24,12월,최동호,http://www.mhethanol.com,경상남도
035420,NAVER,KOSPI,"자료처리, 호스팅, 포털 및 기타 인터넷 정보매개 서비스업",포털 서비스 및 온라인 광고,2008-11-28,12월,최수연,http://www.navercorp.com,경기도
181710,NHN,KOSPI,소프트웨어 개발 및 공급업,한게임,2013-08-29,12월,정우진,http://www.nhn.com,경기도
400760,NH올원리츠,KOSPI,부동산 임대 및 공급업,부동산투자,2021-11-18,12월,소선호,http://nhallonereit.com/,서울특별시
005940,NH투자증권,KOSPI,금융 지원 서비스업,"증권업,종합금융",1975-09-30,12월,윤병운,http://www.nhqv.com,서울특별시
005945,NH투자증권우,KOSPI,,,,,,,
338100,NH프라임리츠,KOSPI,부동산 임대 및 공급업,부동산 투자,2019-12-05,11월,소선호,http://www.nhreits.com,서울특별시
034310,NICE,KOSPI,회사 본부 및 경영 컨설팅 서비스업,"기업신용분석,유가증권등급평정,기업정보,긍융정보,경제정보,소비자신용정보 제공,시장조사,사회여론조사,점외 CD/ATM사업",2004-02-04,12월,조대민,http://www.nice.co.kr,서울특별시
030190,NICE평가정보,KOSPI,기타 정보 서비스업,"개인 및 기업정보, 솔루션",2023-08-08,12월,김종윤,,서울특별시
008260,NI스틸,KOSPI,1차 철강 제조업,"스틸파이프,철강재임가공 제조,도매",1975-06-28,12월,이창환,http://www.hcr4u.com,서울특별시
004250,NPC,KOSPI,플라스틱제품 제조업,"산업용기프라스틱제품(플라스틱 파렛트,시트 파렛트) 제조,판매",1969-09-08,12월,"최병민,나창엽,최석기(각자 대표이사)",http://www.npc.co.kr,경기도
004255,NPC우,KOSPI,,,,,,,
456040,OCI,KOSPI,기초 화학물질 제조업,"폴리실리콘,타르제품,카본블랙,무수프탈산,농약원제,석탄화학제품,정밀화학제품,플라스틱창호재 제조,판매",2023-05-30,12월,"김택중, 김유신",,서울특별시
010060,OCI홀딩스,KOSPI,기타 금융업,"타르제품,카본블랙,무수프탈산,농약원제,석탄화학제품,정밀화학제품,플라스틱창호재 제조,판매",1985-07-09,12월,"이우현, 서진석(2인, 각자 대표이사)",http://www.oci-holdings.co.kr,서울특별시
178920,PI첨단소재,KOSPI,플라스틱제품 제조업,PI(Polyimide)제품,2021-08-09,12월,송금수,http://www.pimaterials.com,충청북도
005490,POSCO홀딩스,KOSPI,1차 철강 제조업,"열연코일,냉연강판,후판,선재,스테인리스 제조",1988-06-10,12월,"대표이사 회장 장인화, 대표이사 사장 정기섭",http://www.posco-inc.com,경상북도
010950,S-Oil,KOSPI,석유 정제품 제조업,"석유제품,가스,윤활기유,윤활유,그리스,석유화학제품 제조,도매",1987-05-27,12월,Anwar A. Al-Hejazi (안와르 에이 알-히즈아지),http://www.s-oil.com,서울특별시
010955,S-Oil우,KOSPI,,,,,,,
034120,SBS,KOSPI,텔레비전 방송업,"TV,라디오방송,광고",2003-06-25,12월,방문신,http://www.sbs.co.kr,서울특별시
005090,SGC에너지,KOSPI,전기업,"증기, 전기, REC(신재생에너지공급인증서)",1993-01-06,12월,"이우성, 박준영, 이복영",http://www.sgcenergy.co.kr,서울특별시
001380,SG글로벌,KOSPI,자동차 신품 부품 제조업,자동차시트 및 자동차시트커버(Seat Trim Cover),1976-06-29,12월,이의범,http://www.sgglobal.co.kr,충청남도
004060,SG세계물산,KOSPI,상품 종합 도매업,"피복류,봉제품,P.E제품 수출입,도매,제조/조경사업",1976-04-19,12월,이의범,http://www.sgsegye.com,서울특별시
001770,SHD,KOSPI,1차 철강 제조업,"석도강판,표면처리강판 제조,임가공,판매",1988-11-23,12월,신종호,http://www.shinhwatp.co.kr,경기도
002360,SH에너지화학,KOSPI,기초 화학물질 제조업,"합성수지(PS/EPS,ABS수지) 제조",1985-12-23,12월,정케빈규봉,http://www.sh-enerchem.com,전북특별자치도
009160,SIMPAC,KOSPI,1차 철강 제조업,"프레스, 합금철",1989-07-29,12월,최진식,http://www.simpac.co.kr,인천광역시
033530,SJG세종,KOSPI,자동차 신품 부품 제조업,"자동차부품,자동차소음기(머플러),배기가스정화기,배기계통부품 제조",2002-09-25,12월,"최정연, 이동원 (각자 대표이사)",http://www.sjku.co.kr,울산광역시
123700,SJM,KOSPI,자동차 신품 부품 제조업,자동차및산업용Bellows,2010-05-31,12월,김휘중 (단독 대표이사),,경기도
025530,SJM홀딩스,KOSPI,자동차 부품 및 내장품 판매업,지주회사및경영자문,1997-02-12,12월,"김용호, 김휘중(각자대표이사)",http://www.sjmholdings.co.kr,경기도
034730,SK,KOSPI,기타 금융업,"지주회사, 시스템통합(SI), 정보통신사업 관련 컨설팅,조사용역,정보통신기술 연구개발/정보통신기기,소프트웨어 개발,도매",2009-11-11,12월,"최태원, 장용호",http://www.sk-inc.com/,서울특별시
011790,SKC,KOSPI,기타 화학제품 제조업,"기초화학원료(PO, PG), 전지용 동박 등을 제조ㆍ판매하는 사업",1997-07-18,12월,박원철,http://www.skc.kr,경기도
018670,SK가스,KOSPI,기타 전문 도매업,"액화석유가스,가스기기 판매,수입,저장",1997-08-27,12월,윤병석,http://www.skgas.co.kr/,경기도
001740,SK네트웍스,KOSPI,기타 전문 도매업,"정보통신 유통, 자동차 관리, 글로벌 트레이딩, 호텔&리조트",1977-06-30,12월,이호정,http://www.sknetworks.co.kr,경기도
006120,SK디스커버리,KOSPI,기타 금융업,"화섬사(폴리에스테르원사(폴리에스터F,폴리에스터SF),폴리에스터직물,아세테이트),석유화학부문(TPA,DMT),섬유원료,직물,BOTTLE용CHIP,접착제,폴리우레탄 제조,",1976-06-29,12월,"최창원, 전광현",http://www.skdiscovery.com,경기도
006125,SK디스커버리우,KOSPI,,,,,,,
210980,SK디앤디,KOSPI,부동산 임대 및 공급업,"비주거용 부동산개발 및 임대(오피스, 지식산업센터, 호텔 등)",2015-06-23,12월,김도현,http://www.skdnd.com,경기도
395400,SK리츠,KOSPI,부동산 임대 및 공급업,서울 중구 소재 SK서린빌딩 및 전국 116개 주유소 임대 운영,2021-09-14,03월,에스케이리츠운용 주식회사,http://skreit.co.kr,서울특별시
302440,SK바이오사이언스,KOSPI,기초 의약물질 제조업,백신 제품 및 제제,2021-03-18,12월,안재용,http://www.skbioscience.com,경기도
326030,SK바이오팜,KOSPI,자연과학 및 공학 연구개발업,신경질환 및 정신질환을 포함한 중추신경 관련 신약 개발,2020-07-02,12월,이동훈,,경기도
402340,SK스퀘어,KOSPI,기타 금융업,지주회사,2021-11-29,12월,한명진,http://www.sksquare.com,서울특별시
361610,SK아이이테크놀로지,KOSPI,일차전지 및 이차전지 제조업,2차전지용 습식 분리막 및 폴더블 커버 윈도우,2021-05-11,12월,김철중,http://www.skietechnology.com/,서울특별시
100090,SK오션플랜트,KOSPI,1차 철강 제조업,해상풍력 하부구조물,2023-04-19,12월,이승철,http://www.skoceanplant.com/,경상남도
03473K,SK우,KOSPI,,,,,,,
096770,SK이노베이션,KOSPI,석유 정제품 제조업,"석유정제,석유화학제품,윤활유제품,아스팔트제품,의약중간체 제조,판매,유전개발,대체에너지사업",2007-07-25,12월,박상규,http://www.SKinnovation.com,서울특별시
096775,SK이노베이션우,KOSPI,,,,,,,
475150,SK이터닉스,KOSPI,건물 건설업,부동산 개발,2024-03-29,12월,김해중,http://www.sketernix.com,경기도
001510,SK증권,KOSPI,금융 지원 서비스업,"증권업,부동산 임대",1986-09-20,12월,"전우종, 정준호",http://www.sks.co.kr,서울특별시
001515,SK증권우,KOSPI,,,,,,,
285130,SK케미칼,KOSPI,합성고무 및 플라스틱 물질 제조업,"PETG 수지, PET 수지, 바이오디젤, 백신",2018-01-05,12월,"김철, 안재현",http://www.skchemicals.com,경기도
28513K,SK케미칼우,KOSPI,,,,,,,
017670,SK텔레콤,KOSPI,전기 통신업,"이동전화,무선호출서비스,부가통신",1989-11-07,12월,유영상,http://www.sktelecom.com,서울특별시
000660,SK하이닉스,KOSPI,반도체 제조업,"반도체,컴퓨터,통신기기 제조,도매",1996-12-26,12월,곽노정,http://www.skhynix.com,경기도
003570,SNT다이내믹스,KOSPI,자동차 신품 부품 제조업,"자동차부품(동력전달장치 등),공작기계(CNC선반 등),사출성형기 제조",1976-07-08,12월,박재석,http://www.hisntd.com,경상남도
064960,SNT모티브,KOSPI,자동차 신품 부품 제조업,"자동차부품(서스펜션모듈,전장품,속옵서버,에어백,트로틀바디,너클),방산품(총포) 제조,도매",2002-03-11,12월,권형순,http://www.sntdaewoo.com,부산광역시
100840,SNT에너지,KOSPI,일반 목적용 기계 제조업,"공냉식 열교환장치,폐열회수장치 제조",2008-02-22,12월,김형섭,http://www.hisnt.com,경상남도
036530,SNT홀딩스,KOSPI,기타 금융업,"지배,경영지도,정리,육성",2002-10-22,12월,김도환,http://www.hisntholdings.com,서울특별시
005610,SPC삼립,KOSPI,기타 식품 제조업,"빵,아이스크림,과자,케익,유산균음료,인스턴트식품,병조림,면류,식용유 제조,판매",1975-05-02,12월,"황종현, 김범수(각자 대표이사)",http://www.spcsamlip.co.kr,경기도
011810,STX,KOSPI,상품 종합 도매업,"에너지 원료(석탄,석유),산업기자재(기계부품) 도매",1990-09-12,12월,박상준,http://www.stx.co.kr,경상남도
465770,STX그린로지스,KOSPI,해상 운송업,해상운송업 및 물류업,2023-09-15,12월,설재근,http://www.stxgreenlogis.co.kr/,부산광역시
077970,STX엔진,KOSPI,일반 목적용 기계 제조업,"엔진,터빈,내연기관 제조,도매",2004-05-10,12월,이상수,http://www.stxengine.co.kr,경상남도
002820,SUN&L,KOSPI,나무제품 제조업,"합판,가정용가구(선우드),MDF,제재목,하드보드 제조/부동산 임대",1976-05-22,12월,이윤규,http://sunandl.com/,인천광역시
084870,TBH글로벌,KOSPI,봉제의복 제조업,"캐주얼의류,여성의류,남성의류 제조,도소매",2005-12-19,12월,우종완,,서울특별시
002710,TCC스틸,KOSPI,1차 철강 제조업,"석도강판,표면처리강판 제조,판매",1984-12-21,12월,"손봉락, 조석희, 손기영 (각자대표)",http://www.tccsteel.com,경상북도
069260,TKG휴켐스,KOSPI,기타 화학제품 제조업,"화합물,화학제품 제조",2002-10-07,12월,김우찬,http://www.huchems.com,서울특별시
007980,TP,KOSPI,봉제의복 제조업,"봉제의류(자켓,파카,코트),침구 제조,우모가공,생활용품 도소매,무역",1994-12-27,12월,임석원,http://www.panpacific.co.kr,서울특별시
002900,TYM,KOSPI,특수 목적용 기계 제조업,"농기계,연초용필터,금속제양식기,철강압연 제조,도매,수출입/신문서적 수출입,판매",1973-06-26,12월,"김희용, 김도훈",http://tym.world,서울특별시
024070,WISCOM,KOSPI,플라스틱제품 제조업,"플라스틱제품(PVC컴파운드,ABS,PS가공) 제조,도매,임가공",1996-11-22,12월,"구조웅, 구영일",http://www.wiscom.co.kr,경기도
037270,YG PLUS,KOSPI,"자료처리, 호스팅, 포털 및 기타 인터넷 정보매개 서비스업","광고대행,광고물 제작",2003-08-01,12월,최성준,http://www.ygplus.com,서울특별시
000500,가온전선,KOSPI,절연선 및 케이블 제조업,"전력선,통신케이블 제조,도매,수출입",1987-06-08,12월,정 현,http://www.gaoncable.com,경기도
000860,강남제비스코,KOSPI,기타 화학제품 제조업,"도료(페인트,락카,신나,에나멜,바니쉬),안료 제조,판매",1975-11-12,12월,"황익준,김재현(각자대표이사)",http://www.jevisco.com,부산광역시
035250,강원랜드,KOSPI,유원지 및 기타 오락관련 서비스업,"카지노,관광호텔,골프장,스키장,체육시설 운영",2003-09-04,12월,최철규,http://kangwonland.high1.com,강원특별자치도
011420,갤럭시아에스엠,KOSPI,스포츠 서비스업,"스포츠중계권,스포츠마케팅,광고",1989-11-14,12월,이반석,http://galaxiasme.com,서울특별시
002100,경농,KOSPI,"비료, 농약 및 살균, 살충제 제조업","완제농약(잡초약,살충제,살균제) 제조",1977-06-30,12월,"이병만,이용진",http://www.knco.co.kr,서울특별시
009450,경동나비엔,KOSPI,가정용 기기 제조업,"가정용기름보일러,입형,횡형 온수보일러,가스보일러,버너,흡수식 냉온수기,전기보일러,진공온수보일러,태양열보일러 제조,판매",1993-08-31,12월,"손연호, 김종욱 (각자대표)",http://www.kdnavien.co.kr,경기도
267290,경동도시가스,KOSPI,연료용 가스 제조 및 배관공급업,도시가스,2017-05-12,12월,"송재호, 나윤호",http://www.kdgas.co.kr,울산광역시
012320,경동인베스트,KOSPI,기타 금융업,지주회사,1997-03-07,12월,정승진,http://www.kdinvest.co.kr,경기도
000050,경방,KOSPI,종합 소매업,"섬유류(면사,면혼방사,면직물,면혼방직물,화섬사,화섬직물) 제조,도매,수출입",1956-03-03,12월,"김준, 김담",http://www.kyungbang.co.kr,서울특별시
214390,경보제약,KOSPI,기초 의약물질 제조업,"아토르바스타틴, 세프티족심, 세프트리약손",2015-06-29,12월,김태영,http://www.kbpharma.co.kr,충청남도
012610,경인양행,KOSPI,기초 화학물질 제조업,"반응성염료,직접염료,산성염료,삼원색원료 제조,수출입",1995-10-05,12월,"김흥준,조성용 (각자대표이사)",http://www.kyungin.co.kr,인천광역시
009140,경인전자,KOSPI,전자부품 제조업,"스위치,리모콘,배선기구,섬머스타트,게임기,전자부품 제조,판매",1989-06-20,12월,김성은,http://www.kie.co.kr,서울특별시
013580,계룡건설,KOSPI,토목 건설업,"건축공사,주택공사,토목공사,포장공사,전기공사",1996-01-30,12월,"오태식, 윤길호",http://www.krcon.co.kr,대전광역시
012200,계양전기,KOSPI,일반 목적용 기계 제조업,"전동공구(그라인더,드릴,커팅머신 등), 엔진, 자동차용 모터 제조",1988-07-06,12월,임영환,http://www.keyang.co.kr,서울특별시
012205,계양전기우,KOSPI,,,,,,,
002140,고려산업,KOSPI,"곡물가공품, 전분 및 전분제품 제조업","배합사료,플라스틱용기 제조/부동산 임대",1991-01-14,12월,"전장열, 김영교(각자 대표이사)",http://www.hafeed.co.kr,부산광역시
010130,고려아연,KOSPI,1차 비철금속 제조업,"연,아연괴 제조,판매",1990-07-28,12월,"박기덕, 정태웅",http://www.koreazinc.co.kr,서울특별시
002240,고려제강,KOSPI,1차 철강 제조업,"PC강선,선재 2차제품,와이어로프,비드와이어,SC(Surpass Coat) Stand,각종선재 제조,도매",1976-05-25,12월,주종대,http://www.kiswire.com,부산광역시
009290,광동제약,KOSPI,의약품 제조업,"의약품,식음료 제조,도매",1989-11-17,12월,최성원,http://www.ekdp.com,경기도
017040,광명전기,KOSPI,"전동기, 발전기 및 전기 변환 · 공급 · 제어 장치 제조업","수배전반,가스절연개폐장치,빌딩자동화시스템,중앙감시반,자동제어반 제조,도소매,무역",1990-09-14,12월,"이재광,원호정",http://www.kmec.co.kr,경기도
017900,광전자,KOSPI,반도체 제조업,"트랜지스터,SMD TR,발광소자,리모콘모듈,발광다이오드(L.E.D),다이오드용웨이퍼팹(Fab) 제조,판매",1996-10-16,12월,최재완,http://www.auk.co.kr,전북특별자치도
037710,광주신세계,KOSPI,종합 소매업,백화점,2002-02-07,12월,이동훈,http://www.gjshinsegae.com,광주광역시
030610,교보증권,KOSPI,금융 지원 서비스업,"유가증권 매매,중개,대리,인수",2002-07-18,12월,"박봉권, 이석기 (각자대표)",http://www.iprovest.com,서울특별시
339770,교촌에프앤비,KOSPI,음·식료품 및 담배 도매업,치킨 프랜차이즈,2020-11-12,12월,송종화,http://kyochonfnb.com,경상북도
007690,국도화학,KOSPI,기초 화학물질 제조업,"에폭시수지,폴리아마이드수지,아염소산소다 제조,도소매",1989-08-05,12월,이시창,http://www.kukdo.com,서울특별시
001140,국보,KOSPI,도로 화물 운송업,"화물자동차운송,콘테이너운송,수출입화물보관,도로운송,CY보관,하역",1989-12-02,12월,박찬하,http://www.kukbo.com,부산광역시
002720,국제약품,KOSPI,의약품 제조업,"항생제,안약,제약 제조,도매",1975-12-27,12월,"남영우, 남태훈",http://www.kukjepharm.co.kr,경기도
083420,그린케미칼,KOSPI,기타 화학제품 제조업,"비이온계면활성제 제조,도매",2005-10-20,12월,양준화,http://www.korgc.com,충청남도
014530,극동유화,KOSPI,석유 정제품 제조업,"윤활유,유동파라핀,왁스,방수용시트,아스팔트 제조/수입자동차,부품 도매/가스충전,산업설비 청소",1991-01-31,12월,"장홍선, 장선우 (각자대표)",http://www.kdoc.co.kr,경상남도
014280,금강공업,KOSPI,1차 철강 제조업,"건설가설재,강관,거푸집 제조,판매",1988-09-10,12월,"전장열, 전재범 (각자 대표이사)",http://www.kumkangkind.com,부산광역시
014285,금강공업우,KOSPI,,,,,,,
008870,금비,KOSPI,유리 및 유리제품 제조업,"유리제품(주류병) 제조/화장품 도소매,수입(병제조기기)",1990-06-08,09월,고기영,http://www.e-kumbi.co.kr,경기도
001570,금양,KOSPI,기초 화학물질 제조업,"발포제,사카린,OPTSA,베나졸,TCA 제조",1976-12-17,12월,류광지,http://www.kyc.co.kr,부산광역시
002990,금호건설,KOSPI,건물 건설업,"종합건설/여객운송,관광/부동산 임대,분양",1976-06-26,12월,조완석,http://www.kumhoenc.com,전라남도
002995,금호건설우,KOSPI,,,,,,,
011780,금호석유,KOSPI,기초 화학물질 제조업,"합성고무 SBR(스티렌부타디엔러버),BR(폴리부타디엔러버),합성수지,BD,라텍스 제조,도소매",1988-01-22,12월,백종훈,http://www.kkpc.com,서울특별시
011785,금호석유우,KOSPI,,,,,,,
214330,금호에이치티,KOSPI,자동차 신품 부품 제조업,자동차용 전구 및 LED모듈,2015-11-11,12월,"김진곤, 김두인(각자대표)",http://www.kumhoht.co.kr,광주광역시
001210,금호전기,KOSPI,전구 및 조명장치 제조업,"형광등,백열전구,전구식현광등,실드빔(차량용전조) 제조,판매",1973-11-15,12월,이홍민,http://www.khe.co.kr,서울특별시
073240,금호타이어,KOSPI,고무제품 제조업,"타이어,튜브 제조,도매,무역",2005-02-17,12월,정일택,http://www.kumhotire.co.kr,광주광역시
092440,기신정기,KOSPI,특수 목적용 기계 제조업,"몰드베이스,금형부품,정밀기계기구 제조,도매,무역",2007-10-30,03월,윤현도,http://www.kishin.com,인천광역시
000270,기아,KOSPI,자동차용 엔진 및 자동차 제조업,"승용차,중대형버스,트럭,민수특수차량,군수차량 제조,판매,정비",1973-07-21,12월,"송호성,최준영(각자 대표이사)",http://www.kia.co.kr,서울특별시
024110,기업은행,KOSPI,은행 및 저축기관,은행업,2003-12-24,12월,김성태,http://www.ibk.co.kr,서울특별시
013700,까뮤이앤씨,KOSPI,건물 건설업,"토목공사,건축공사/부동산 임대",1989-11-30,12월,"손병재, 이은규 (각자 대표이사)",http://www.camusenc.com,경기도
004540,깨끗한나라,KOSPI,"펄프, 종이 및 판지 제조업","펄프,판지원지,화장지 제조,수출입",1975-06-25,12월,"최현수, 김민환",http://www.kleannara.com,서울특별시
004545,깨끗한나라우,KOSPI,,,,,,,
001260,남광토건,KOSPI,토목 건설업,"토목공사,건축공사,기전공사,측량설계시공,용역/철구조물 제조",1976-12-28,12월,임민규,http://www.namkwang.co.kr,경기도
008350,남선알미늄,KOSPI,1차 비철금속 제조업,알미늄샷시 제조/환경사업,1978-05-22,12월,"박귀봉, 정순원(각자대표)",http://www.namsun.co.kr,대구광역시
008355,남선알미우,KOSPI,,,,,,,
004270,남성,KOSPI,기타 전문 도매업,"수출입(카오디오)/통신기기 제조,판매/이동통신,유선방송,정보통신/생활필수품,식품 판매/부동산 임대",1989-11-14,12월,윤성호,http://www.namsung.com,서울특별시
003920,남양유업,KOSPI,동·식물성 유지 및 낙농제품 제조업,"시유,조제분유,발효유,이유밀,치즈,프렌치까페 제조,도매",1978-06-24,12월,김승언(대표집행임원),http://www.namyangi.com,서울특별시
003925,남양유업우,KOSPI,,,,,,,
025860,남해화학,KOSPI,"비료, 농약 및 살균, 살충제 제조업","비료(요소,복합비료),공업제품원료 제조,도매",1995-11-10,12월,김창수,http://www.nhchem.co.kr,서울특별시
005720,넥센,KOSPI,고무제품 제조업,"자동차용 재생타이어튜브,솔리드타이어,고무부품,골프볼,와이어로프소재,특수강선,열처리도금선,건자재 제조,판매,수출입",1987-12-19,12월,"강병중, 강호찬, 배중열",http://www.nexencorp.co.kr,경상남도
005725,넥센우,KOSPI,,,,,,,
002350,넥센타이어,KOSPI,고무제품 제조업,"타이어,후랩,고무제타이어(승용자동차용,래디알구조) 제조",1976-05-19,12월,대표이사 회 장 강병중 대표이사 부회장 강호찬 대표이사 사 장 이현종,http://www.nexentire.com,경상남도
002355,넥센타이어1우B,KOSPI,,,,,,,
092790,넥스틸,KOSPI,1차 철강 제조업,"OCTG Pipe, Line Pipe, Standard Pipe, 일반관",2023-08-21,12월,홍성만,http://www.nexteel.co.kr,경상북도
251270,넷마블,KOSPI,소프트웨어 개발 및 공급업,온라인·모바일 게임 소프트웨어 개발 및 공급,2017-05-12,12월,"권영식, 김병규 (각자 대표이사)",http://company.netmarble.com,서울특별시
090350,노루페인트,KOSPI,기타 화학제품 제조업,페인트 제조,2006-07-03,12월,김용기,,경기도
090355,노루페인트우,KOSPI,,,,,,,
000320,노루홀딩스,KOSPI,기타 금융업,지주사업,1973-08-10,12월,"한영재,김용기",http://www.norooholdings.co.kr,경기도
000325,노루홀딩스우,KOSPI,,,,,,,
006280,녹십자,KOSPI,의약품 제조업,"알부민외 제조,판매",1989-08-01,12월,허은철,http://www.gccorp.com,경기도
005250,녹십자홀딩스,KOSPI,회사 본부 및 경영 컨설팅 서비스업,"알부민,유로키나제,간염백신,유행성출혈열백신 제조",1978-08-28,12월,"허일섭, 허용준",http://www.gccorp.com,경기도
005257,녹십자홀딩스2우,KOSPI,,,,,,,
004370,농심,KOSPI,기타 식품 제조업,"라면,스낵,유지 제조,도매,수출입",1976-06-30,12월,이병학,http://www.nongshim.com,서울특별시
072710,농심홀딩스,KOSPI,기타 금융업,"지주회사,투자자문,경영컨설팅 서비스",2003-07-30,12월,박준,http://www.nongshimholdings.com,서울특별시
058730,다스코,KOSPI,"구조용 금속제품, 탱크 및 증기발생기 제조업","데크플레이트,도로안전시설물(가드레일,강재방호책),건축용단열재보드(경질우레탄보드),신재생에너지사업",2004-08-02,12월,"한상원, 한남철",http://www.dasco.kr,전라남도
030210,다올투자증권,KOSPI,금융 지원 서비스업,"금융업, 서비스, 부동산",1996-11-19,12월,"이병철, 황준호 (각자 대표이사)",http://www.daolsecurities.com,서울특별시
023590,다우기술,KOSPI,"자료처리, 호스팅, 포털 및 기타 인터넷 정보매개 서비스업","인터넷솔루션 개발,도매,IT컨설팅,시스템 설계,자문,인터넷관련서비스/부동산분양,개발,임대",1997-08-27,12월,김윤덕,http://www.daou.co.kr,경기도
145210,다이나믹디자인,KOSPI,특수 목적용 기계 제조업,"타이어 금형, 타이어 제조설비",2015-03-19,12월,황 응 연,http://www.saehwaimc.com,광주광역시
019680,대교,KOSPI,초등 교육기관,"학습지,참고서 출판/건설업/종합유선방송 프로그램공급,디지털학원",2004-02-03,12월,강호준,http://www.daekyo.co.kr,서울특별시
019685,대교우B,KOSPI,,,,,,,
006370,대구백화점,KOSPI,종합 소매업,"백화점운영,임대사업(백화점 코너)",1988-10-10,12월,구정모,http://www.debec.co.kr,대구광역시
008060,대덕,KOSPI,기타 금융업,"산업용 인쇄회로기판,다층 인쇄회로기판,빌드업기판,반도체패키지기판,메모리모듈기판 제조",1989-01-26,12월,김영재,http://www.daeduckholdings.com,경기도
00806K,대덕1우,KOSPI,,,,,,,
353200,대덕전자,KOSPI,전자부품 제조업,"PCB(Printed Circuit Board, 인쇄회로기판)의 제조 및 판매",2020-05-21,12월,신영환,http://www.daeduck.com,경기도
35320K,대덕전자1우,KOSPI,,,,,,,
000490,대동,KOSPI,특수 목적용 기계 제조업,"경운기,트랙터,이앙기,바인더,수확기(콤바인),농업용엔진 및 부품 제조,판매",1975-06-27,12월,"김준식, 원유현",http://www.daedong.co.kr,대구광역시
008110,대동전자,KOSPI,통신 및 방송 장비 제조업,"통신음향,전자기계기구용 플라스틱제품 제조,도매",1990-06-05,03월,김명성,http://www.daidong.com,서울특별시
005750,대림B&Co,KOSPI,"내화, 비내화 요업제품 제조업","위생도기,내장타일,조립식욕실제품 제조,판매/부동산 임대",1992-12-23,12월,강태식,http://www.daelimbnco.com,경상남도
006570,대림통상,KOSPI,기타 금속 가공제품 제조업,"수전금구,비데,위생도기,샤워부스,타일,양식기,무역",1975-11-20,12월,"고은희, 손병국",http://www.dlt.co.kr,서울특별시
001680,대상,KOSPI,기타 식품 제조업,"전분,라이신,물엿,과당,포도당,MSG및 사료,조미료,항생제,핵산,커피 제조,도매/토목공사,건축공사",1970-04-01,12월,임정배,http://www.daesang.co.kr,서울특별시
001685,대상우,KOSPI,,,,,,,
084690,대상홀딩스,KOSPI,기타 금융업,지주회사,2005-08-17,12월,"임창욱, 최성수 각자대표이사",,서울특별시
084695,대상홀딩스우,KOSPI,,,,,,,
128820,대성산업,KOSPI,연료 소매업,"주요소운영,기계판매 등",2010-07-30,12월,"김영대,이은우(공동대표)",http://www.daesung.co.kr,서울특별시
117580,대성에너지,KOSPI,연료용 가스 제조 및 배관공급업,천연가스,2010-12-24,12월,대표이사 김영훈 대표이사 박문희,http://www.daesungenergy.com,대구광역시
016710,대성홀딩스,KOSPI,회사 본부 및 경영 컨설팅 서비스업,"도시가스,일반가스 공급/가스기기,차량용 연료 판매/해외자원개발,부동산 임대",1999-12-22,12월,대표이사 김영훈 대표이사 김정주,http://www.daesung-holdings.com,대구광역시
003540,대신증권,KOSPI,금융 지원 서비스업,"유가증권 위탁매매,인수주선,자기매매 기타 금융서비스",1975-10-01,12월,오익근,http://www.daishin.com,서울특별시
003547,대신증권2우B,KOSPI,,,,,,,
003545,대신증권우,KOSPI,,,,,,,
009190,대양금속,KOSPI,1차 철강 제조업,스테인레스 냉연강판 제조,1994-04-29,12월,조상종,http://www.daiyangmetal.co.kr,충청남도
014160,대영포장,KOSPI,"골판지, 종이 상자 및 종이용기 제조업","골판지원단,골판지상자 제조",1990-03-06,12월,"강병은,손용수",http://www.dypc.co.kr,경기도
047040,대우건설,KOSPI,건물 건설업,"아파트건설,토목공사,건축공사,포장공사,전기공사,무역/중장비 대여",2001-03-23,12월,김보현,http://daewooenc.com,서울특별시
003090,대웅,KOSPI,의약품 제조업,"지주회사/의약품,화공약품,농예약품,위생용품,의료용구,식품,전기전자기구,부품 제조,판매",1973-06-26,12월,윤재춘,http://www.daewoong.com/,경기도
069620,대웅제약,KOSPI,의약품 제조업,"양약,의료기기 제조/화장품,의약부의품 도소매/부동산 임대",2002-11-01,12월,"이창재, 박성수",http://www.daewoong.co.kr,경기도
000430,대원강업,KOSPI,자동차 신품 부품 제조업,차랑용 스프링 및 시트,1977-06-22,12월,"박민희, 김항수",http://www.dwku.com,충청남도
006340,대원전선,KOSPI,절연선 및 케이블 제조업,"전선,통신케이블,무선통신장비,합성수지 제조,도매/부동산 매매,임대",1988-05-04,12월,서명환,http://www.daewoncable.co.kr,충청남도
006345,대원전선우,KOSPI,,,,,,,
003220,대원제약,KOSPI,의약품 제조업,"의약품(해열소염진통제,진해거담제,동맥경화용제,혈압강하제 등), 건강기능식품(프로바이오틱스 등)",1999-12-15,12월,"백승열, BAEK JONATHAN IN",http://www.daewonpharm.com,서울특별시
024890,대원화성,KOSPI,플라스틱제품 제조업,"합성피혁,벽지,DMF(폐용수)정제,방수투습원단,화공약 임가공,제조,도매,수출입",1997-10-28,12월,강동엽,http://www.daewon21.co.kr,서울특별시
002880,대유에이텍,KOSPI,자동차 신품 부품 제조업,자동차부품(자동차용 시트)제조,1977-02-18,12월,권의경,http://www.dayouat.co.kr,광주광역시
000300,대유플러스,KOSPI,통신 및 방송 장비 제조업,"유,무선 통신장비",1975-06-09,12월,최준용,http://www.dayouplus.co.kr,광주광역시
012800,대창,KOSPI,1차 비철금속 제조업,"황동봉,동합금괴 제조,판매",1989-12-05,12월,"조시영, 조경호",http://www.brassone.com,경기도
015230,대창단조,KOSPI,자동차 신품 부품 제조업,"자동차,중장비 부품(크랭크샤프트,트랙링크조립체,커넥팅로드,중장비롤러류),기어,동력전달장치,단조가공품,단조품 제조",1989-07-25,12월,박권일,http://www.dcf.co.kr,경상남도
001070,대한방직,KOSPI,직물직조 및 직물제품 제조업,"면사,화섬사,면직물 제조,판매,건설",1973-12-28,12월,"설 범, 김 인호",http://www.thtc.co.kr,서울특별시
006650,대한유화,KOSPI,기초 화학물질 제조업,"폴리프로필렌,고밀도폴리에틸렌,나프타분해유분,올레핀류,혼합C4류,분해가솔린 제조",1999-08-11,12월,강길순,http://www.kpic.co.kr,서울특별시
001440,대한전선,KOSPI,절연선 및 케이블 제조업,"전력선,통신케이블,적산계기,스텐레스압연제품,광케이블,초고압선,알루미늄 제조,도매/전기공사",1968-12-27,12월,송종민,http://www.taihan.com,경기도
084010,대한제강,KOSPI,1차 철강 제조업,"제강,철재,철근,환봉,마환봉,빌레트 제조",2005-10-31,12월,이경백,http://www.idaehan.com,부산광역시
001790,대한제당,KOSPI,"곡물가공품, 전분 및 전분제품 제조업","제당,가축용 배합사료,설탕,기능성감미료(자일로올리고당),외식산 제조,도소매/부동산 임대",1968-12-27,12월,강승우,http://www.ts.co.kr,인천광역시
001795,대한제당우,KOSPI,,,,,,,
001130,대한제분,KOSPI,"곡물가공품, 전분 및 전분제품 제조업","소맥분,토코밀,프리믹스,밀가루조제품,제분부산물 제조/파스타 수입,판매",1970-11-25,12월,"이건영, 송인석",http://www.dhflour.co.kr,서울특별시
003490,대한항공,KOSPI,항공 여객 운송업,"여객운송,화물운송,항공기 제조,판매,정비수리/기내식 제조판매,면세품 판매",1966-03-18,12월,"조원태, 우기홍",http://www.koreanair.com,서울특별시
003495,대한항공우,KOSPI,,,,,,,
005880,대한해운,KOSPI,해상 운송업,"외항화물운송,국제해운대리점",1992-04-23,12월,한수한,http://www.korealines.co.kr,서울특별시
003830,대한화섬,KOSPI,화학섬유 제조업,"화학섬유원사(FY,PTY,S.FIBER)제조",1985-12-23,12월,오용근,http://www.daehansf.co.kr,서울특별시
016090,대현,KOSPI,봉제의복 제조업,"여성의류 및 악세사리류 제조,도매,유통(백화점)",1990-09-20,12월,신윤황,http://www.daehyun.co.kr,서울특별시
069460,대호에이엘,KOSPI,1차 비철금속 제조업,"알루미늄 환절판 제조,도매,무역",2002-11-11,12월,김영대,http://www.daeho-al.com,대구광역시
475560,더본코리아,KOSPI,상품 종합 도매업,프랜차이즈,2024-11-06,12월,"백종원, 강석원",http://www.theborn.co.kr/,서울특별시
192080,더블유게임즈,KOSPI,소프트웨어 개발 및 공급업,모바일게임,2019-03-12,12월,김가람,http://www.doubleugames.com,서울특별시
012510,더존비즈온,KOSPI,"컴퓨터 프로그래밍, 시스템 통합 및 관리업",응용 소프트웨어 개발 및 공급업,1988-10-28,12월,김용우,http://www.douzone.com,강원특별자치도
004830,덕성,KOSPI,플라스틱제품 제조업,"플라스틱레쟈,합성수지,합성피혁 제조,도매",1987-09-25,12월,"이봉근, 김성진 (각자대표이사)",http://www.duksung21.com,경기도
004835,덕성우,KOSPI,,,,,,,
024900,덕양산업,KOSPI,자동차 신품 부품 제조업,"자동차부품(CRASH PAD,TRIM PANEL) 제조,판매",1997-06-23,12월,"윤성희,정홍규",http://www.duckyang.co.kr,울산광역시
145720,덴티움,KOSPI,의료용 기기 제조업,치과용 기기 제조업,2017-03-15,12월,"서승우, 윤병호",http://www.dentium.co.kr,경기도
002150,도화엔지니어링,KOSPI,"건축기술, 엔지니어링 및 관련 기술 서비스업","토목설계,건축설계,종합감리전문업,종합기술용역,엔지니어링",2010-08-12,12월,"박승우,곽준상,손영일,김덕구",http://www.dohwa.co.kr,서울특별시
460850,동국씨엠,KOSPI,1차 철강 제조업,"냉연강판, 칼라강판",2023-06-16,12월,박상훈,http://www.dongkukcm.com,서울특별시
460860,동국제강,KOSPI,1차 철강 제조업,"봉강,형강,후판,냉연강판,칼라강판",2023-06-16,12월,최삼영,http://www.dongkuksteel.com,서울특별시
001230,동국홀딩스,KOSPI,기타 금융업,"후판,철근,강판,형강,앵글,찬넬,평철 제조,판매",1988-05-09,12월,장세욱,http://www.dongkuk.co.kr,서울특별시
023450,동남합성,KOSPI,기초 화학물질 제조업,"계면활성제,정밀화학품 제조,도매/부동산 임대",1996-12-24,12월,"김정돈, 박미령 (각자대표)",http://www.dongnamchem.com,충청남도
004140,동방,KOSPI,기타 운송관련 서비스업,"육상운송,해상운송,항만화물하역,보관,창고,물류사업",1988-08-10,12월,"김형곤, 박창기",http://www.dongbang.co.kr,서울특별시
007590,동방아그로,KOSPI,"비료, 농약 및 살균, 살충제 제조업","농약(잡초발생전 토양처리형 밭잡초약,부메랑,주움,그라목손) 제조,도매",1977-06-29,12월,"염병만, 염병진",http://www.dongbangagro.co.kr,서울특별시
005960,동부건설,KOSPI,토목 건설업,"건축공사,토목공사,전기공사,기계설비공사/비금속,철구조물 제조,판매/여객,자동차 운송,항만하역",1978-10-30,12월,윤진오,http://dbcon.dongbu.co.kr,서울특별시
005965,동부건설우,KOSPI,,,,,,,
026960,동서,KOSPI,음·식료품 및 담배 도매업,"식품 유통, 다류 및 연포장재 제조 등",2016-07-15,12월,김종원,http://www.dongsuh.com,서울특별시
002210,동성제약,KOSPI,의약품 제조업,"의약품,화장품 제조,도매",1990-01-19,12월,나원균,http://dongsung-pharm.co.kr,서울특별시
102260,동성케미컬,KOSPI,회사 본부 및 경영 컨설팅 서비스업,,2008-06-23,12월,"이만우, 백진우 (각자 대표이사)",http://idongsung.com,부산광역시
000640,동아쏘시오홀딩스,KOSPI,기타 금융업,"의약품(피로회복제/박카스,병원용의약품),비의약품(의료기기,염모제,가글제) 제조,도소매/화장품 생산",1970-02-10,12월,김민영,http://www.donga.co.kr,서울특별시
170900,동아에스티,KOSPI,의약품 제조업,"스티렌, 자이데나",2013-04-08,12월,정재훈,http://www.donga.co.kr,서울특별시
028100,동아지질,KOSPI,기반조성 및 시설물 축조관련 전문공사업,"보링그라우팅공사,토공사,철근콘크리트공사,상하수도공사,비계구조물해체공사,수중공사/지질조사,시공감리",2009-06-12,12월,"박만규, 최정욱",http://www.dage.co.kr,부산광역시
001520,동양,KOSPI,"시멘트, 석회, 플라스터 및 그 제품 제조업",레미콘/건설공사/산업용 송풍기,1976-06-25,12월,정진학,http://www.tongyanginc.co.kr,서울특별시
001527,동양2우B,KOSPI,,,,,,,
084670,동양고속,KOSPI,육상 여객 운송업,고속버스 운송/부동산 임대,2005-07-25,12월,최성원,http://www.dyexpress.co.kr,경기도
082640,동양생명,KOSPI,보험업,생명보험,2009-10-08,12월,이문구,http://www.myangel.co.kr,서울특별시
001525,동양우,KOSPI,,,,,,,
008970,동양철관,KOSPI,1차 철강 제조업,"수도용 도복장 강관,주물(강관말뚝),가스관 제조/아파트건설",1977-03-05,12월,이곽우,http://www.dysp.co.kr,충청남도
092780,동양피스톤,KOSPI,자동차용 엔진 및 자동차 제조업,자동차엔진용 피스톤,2017-12-08,12월,홍순겸,,경기도
049770,동원F&B,KOSPI,기타 식품 제조업,"참치캔,음료,냉동식품 제조,판매",2000-11-23,12월,김성용,http://www.dongwonfnb.com,서울특별시
018500,동원금속,KOSPI,자동차 신품 부품 제조업,"자동차부품(도어후레임,머플러,임팩트빔),강관 제조,판매",1995-11-10,03월,"이은우, 박승룡",http://www.dwmic.com,경상북도
006040,동원산업,KOSPI,기타 금융업,지주회사,1989-03-07,12월,"박문서,민은홍",http://www.dongwon.com,서울특별시
030720,동원수산,KOSPI,어로 어업,"원양어업/수산물 제조,가공/참치어류 냉동냉장업",1996-11-22,12월,"WANG KI YONG JR, 왕인상",http://www.dongwonfish.co.kr,서울특별시
014820,동원시스템즈,KOSPI,플라스틱제품 제조업,포장용 플라스틱제품 제조 외,1994-03-29,12월,"조점근,서범원",http://dongwonsystems.com/,충청남도
014825,동원시스템즈우,KOSPI,,,,,,,
111380,동인기연,KOSPI,"가죽, 가방 및 유사제품 제조업","스포츠용품(등산용가방,골프백),금속압형제품,유아용품 제조,도소매,통신 판매/부동산 임대",2023-11-21,12월,정인수,http://www.dong-in.com/,경기도
163560,동일고무벨트,KOSPI,고무제품 제조업,"산업용고무제품, 종합고무부품",2012-10-19,12월,이윤환,http://www.drbworld.com,부산광역시
004890,동일산업,KOSPI,1차 철강 제조업,"봉강,합금철,철근,마봉강,냉간압조용선재,주조,지선,주강,다이아몬드공구 제조,도매",2005-06-30,12월,"오순택, 오승민",http://www.dongil.co.kr,경상북도
002690,동일제강,KOSPI,1차 철강 제조업,"PC강연선, 경강선, 도금선, 마봉강",2015-09-24,12월,"민세홍, 양영석, 김우진 (각자대표)",http://www.dongil-steel.com,경기도
000020,동화약품,KOSPI,의약품 제조업,"의약품 제조,판매,수출입",1976-03-24,12월,유준하,http://www.dong-wha.co.kr,서울특별시
000150,두산,KOSPI,기타 금융업,"동박적층판 등 제조 및 판매, 유압기기 등 제조 및 판매, 지게차 제조 및 판매, IT 시스템 개발/운영 서비스 등, 연료전지 등",1973-06-29,12월,"박정원, 김민철, 문홍성",http://www.doosancorp.co.kr,서울특별시
000157,두산2우B,KOSPI,,,,,,,
454910,두산로보틱스,KOSPI,특수 목적용 기계 제조업,협동로봇,2023-10-05,12월,"류정훈, 박인원, 조길성",http://www.doosanrobotics.com,경기도
241560,두산밥캣,KOSPI,특수 목적용 기계 제조업,"Compact Equipment, Heavy Equipment, Portable Power",2016-11-18,12월,"스캇성철박, 조덕제",http://www.doosanbobcat.com,경기도
034020,두산에너빌리티,KOSPI,일반 목적용 기계 제조업,"기관,터어빈,선박용엔진,주단조품,제강제품 제조/종합건설",2000-10-25,12월,"박지원, 정연인, 박상현",http://https://www.doosanenerbility.com/kr,경상남도
000155,두산우,KOSPI,,,,,,,
336260,두산퓨얼셀,KOSPI,"전동기, 발전기 및 전기 변환 · 공급 · 제어 장치 제조업",연료전지,2019-10-18,12월,이두순,http://www.doosanfuelcell.com,전북특별자치도
33626K,두산퓨얼셀1우,KOSPI,,,,,,,
33626L,두산퓨얼셀2우B,KOSPI,,,,,,,
016740,두올,KOSPI,자동차 신품 부품 제조업,시트 커버 및 시트 원단,2016-07-29,12월,"조인회, 정재열",http://www.idual.co.kr,서울특별시
192650,드림텍,KOSPI,전자부품 제조업,"모바일 PBA, 지문인식 모듈, 전장 LED 모듈 등",2019-03-14,12월,"김형민, 박찬홍(각자대표)",http://www.idreamtech.co.kr,경기도
024090,디씨엠,KOSPI,1차 철강 제조업,"PCM(칼라강판),라미네이트강판,산업용필름 제조,판매",1999-08-18,12월,"정연택, 정동우(각자 대표)",http://www.dcmcorp.co.kr,경상남도
003160,디아이,KOSPI,"측정, 시험, 항해, 제어 및 기타 정밀기기 제조업; 광학기기 제외","반도체검사장비,전자부품,레저용품,석제품 제조,판매,오파,부동산임대업",1996-07-31,12월,박원호 조윤형,http://www.di.co.kr,서울특별시
092200,디아이씨,KOSPI,자동차 신품 부품 제조업,"자동차부품(트란스밋숀,프런트액슬,기어,전동축),변속동력전달장치,특수공구,농기계 및 산업기계부품 제조,무역",2007-10-18,12월,김정렬,http://dicorp.co.kr,울산광역시
377190,디앤디플랫폼리츠,KOSPI,부동산 임대 및 공급업,부동산 투자 및 관리,2021-08-27,03월,이양원,http://dndplatformreit.com/,서울특별시
013570,디와이,KOSPI,기타 금융업,"자동차부품,유공압기기,소각로,자동세차기,하훼유통,발효기,모터 제조",1989-05-30,12월,김진호,http://www.dy.co.kr,인천광역시
210540,디와이파워,KOSPI,특수 목적용 기계 제조업,유공압기기 등,2015-01-15,12월,박치웅,http://power.dy.co.kr,경상남도
032350,롯데관광개발,KOSPI,여행사 및 기타 여행보조 서비스업,"국내외여행알선,관광개발,전세운수,항공권매매대행",2006-06-08,12월,"김기병, 백현, 김한준",http://lottetour.com,제주특별자치도
089860,롯데렌탈,KOSPI,운송장비 임대업,"렌터카, 카셰어링(그린카), 중고차매매, 일반렌탈(측정기,OA, 리프트 등)",2021-08-19,12월,최진환,http://www.lotterental.com/,경기도
330590,롯데리츠,KOSPI,부동산 임대 및 공급업,부동산투자,2019-10-30,06월,롯데에이엠씨 주식회사,http://www.lottereit.co.kr/,서울특별시
000400,롯데손해보험,KOSPI,보험업,손해보험업,1971-04-16,12월,이은호,http://www.lotteins.co.kr,서울특별시
023530,롯데쇼핑,KOSPI,종합 소매업,"백화점(의류,식품 및 잡화),할인점 운영/전자상거래",2006-02-09,12월,"김상현(김 사무엘 상현), 정준호, 강성현",http://www.lotteshoppingir.com/,서울특별시
020150,롯데에너지머티리얼즈,KOSPI,전자부품 제조업,"인쇄회로기판(PCB)용 전해동박(ACF,UCF),에폭시용 동박,전해콘덴서용 알루미늄박 제조,판매",2011-03-04,12월,김연섭,http://www.lotteenergymaterials.com,전북특별자치도
280360,롯데웰푸드,KOSPI,기타 식품 제조업,"껌,캔디,초코,비스켓,빙과",2017-10-30,12월,"신동빈, 이영구, 이창엽",http://www.lottewellfood.com,서울특별시
286940,롯데이노베이트,KOSPI,"컴퓨터 프로그래밍, 시스템 통합 및 관리업","SM, SI",2018-07-27,12월,김경엽,http://www.ldcc.co.kr,서울특별시
004000,롯데정밀화학,KOSPI,기초 화학물질 제조업,"염소·셀룰로스계열, 암모니아 계열, 전자재료 등 화학제품 제조",1976-04-15,12월,김용석,http://www.lottefinechem.com,울산광역시
004990,롯데지주,KOSPI,기타 금융업,지주회사,1974-02-16,12월,"신동빈,이동우",http://www.lotte.co.kr,서울특별시
00499K,롯데지주우,KOSPI,,,,,,,
005300,롯데칠성,KOSPI,비알코올음료 및 얼음 제조업,"청량음료,과채류음료,곡류음료,주류 제조,판매/자동차정비,연수원",1973-06-21,12월,"신동빈, 박윤기",http://company.lottechilsung.co.kr,서울특별시
005305,롯데칠성우,KOSPI,,,,,,,
011170,롯데케미칼,KOSPI,기초 화학물질 제조업,"폴리프로필렌,고밀도폴리에틸렌,에틸렌글리콜,벤젠,에틸렌옥사이드,합성지,부산물 제조",1991-05-30,12월,"신동빈, 이영준",http://www.lottechem.com,서울특별시
071840,롯데하이마트,KOSPI,가전제품 및 정보통신장비 소매업,"가전제품,잡화 도소매/부동산 임대",2011-06-29,12월,남창희,http://company.himart.co.kr,서울특별시
027740,마니커,KOSPI,"도축, 육류 가공 및 저장 처리업","닭고기,햄,계육가공제품,계육,육가공제품 제조,판매,유통/양계관련사업/부동산임대/수출입대행",2002-10-29,12월,안정원,http://www.maniker.co.kr,경기도
357430,마스턴프리미어리츠,KOSPI,부동산 임대 및 공급업,"프랑스 파리 소재 크리스탈파크, 프랑스 아마존 라스트마일 물류센터, 인천 항동 스마트물류센터",2022-05-31,03월,정범식,http://masternpremier.com,서울특별시
001080,만호제강,KOSPI,1차 철강 제조업,"와이어로프,합성섬유로프,특수강선 제조,수출,임대",1977-06-18,06월,김상환,http://www.manhorope.com,부산광역시
088980,맥쿼리인프라,KOSPI,신탁업 및 집합투자업,증권투자회사,2006-03-15,12월,맥쿼리자산운용(주),http://www.macquarie.com/kr/kr/mkif/index.html,서울특별시
094800,맵스리얼티1,KOSPI,신탁업 및 집합투자업,,2007-04-09,12월,미래에셋자산운용(주),http://www.miraeasset.com,서울특별시
138040,메리츠금융지주,KOSPI,기타 금융업,투자사업,2011-05-13,12월,김용범,http://www.meritzgroup.com,서울특별시
090370,메타랩스,KOSPI,봉제의복 제조업,"여성용 의류(캐쥬얼티셔츠,바지) 제조",2006-12-26,12월,하지성,http://www.metalabs.co.kr,서울특별시
118000,메타케어,KOSPI,기계장비 및 관련 물품 도매업,"의약품, 의료소모품, 의료기기 도매",2009-12-30,12월,이수진,http://www.meta-care.co.kr,경기도
017180,명문제약,KOSPI,의약품 제조업,"의약품(ROBAXIN 주사,KIMITE패취) 제조,판매",2008-07-10,12월,배철한,http://www.mmpharm.co.kr,경기도
009900,명신산업,KOSPI,자동차 신품 부품 제조업,자동차차체부품,2020-12-07,12월,최우철,http://www.myoungshinindustry.com,경상북도
012690,모나리자,KOSPI,기타 종이 및 판지 제품 제조업,"화장지,미용티슈 제조,도매",1988-10-14,12월,주광옥,http://www.monarisa.co.kr,서울특별시
005360,모나미,KOSPI,생활용품 도매업,"BP153(BALL POINT PEN), P-3000(PLUS PEN), 유성매직, 보드마카, 네임펜, PARKER, WARTERMAN, 색연필",1974-06-26,12월,송하경,http://www.monami.com,경기도
070960,모나용평,KOSPI,일반 및 생활 숙박시설 운영업,"리조트 운영, 콘도 분양",2016-05-27,12월,"신달순, 임학운 공동대표",http://www.yongpyong.co.kr,강원특별자치도
009680,모토닉,KOSPI,자동차 신품 부품 제조업,"자동차용 부품(연료펌프,LPI SYSTEM, FCEV) 제조,판매",1994-01-14,12월,"김희진, 신현돈(각자 대표이사)",http://www.motonic.com,서울특별시
009580,무림P&P,KOSPI,"펄프, 종이 및 판지 제조업","표백화학펄프(B.K.P) 제조,목재가공,조림사업",1989-06-20,12월,이도균,http://www.moorimpnp.co.kr,울산광역시
009200,무림페이퍼,KOSPI,"펄프, 종이 및 판지 제조업","지류,아트지,백상지 제조",1990-06-09,12월,이도균,http://www.moorim.co.kr,경상남도
033920,무학,KOSPI,알코올음료 제조업,소주,2010-07-20,12월,"최재호, 최낙준 (각자 대표이사)",http://www.muhak.co.kr,경상남도
008420,문배철강,KOSPI,1차 철강 제조업,"철강재중 판재류(후판,박판,무늬강판) 제조,도매",1994-11-05,12월,이창환,http://www.moonbaesteel.co.kr,서울특별시
025560,미래산업,KOSPI,"측정, 시험, 항해, 제어 및 기타 정밀기기 제조업; 광학기기 제외","PCB마운터,반도체검사장비(반도체테스트핸들러),LCD 검사장비,리드프레임매가진 제조,도매,무역",1996-11-22,12월,이창재,http://www.mirae.co.kr,충청남도
007120,미래아이앤지,KOSPI,"컴퓨터 프로그래밍, 시스템 통합 및 관리업","CCTV, DVR제조, 금융솔루션, 방산제품",1999-11-26,12월,김학수,http://www.miraeing.co.kr,서울특별시
396690,미래에셋글로벌리츠,KOSPI,부동산 임대 및 공급업,부동산 임대업,2021-12-03,03월,신현준,,서울특별시
357250,미래에셋맵스리츠,KOSPI,부동산 임대 및 공급업,부동산 임대업,2020-08-05,11월,정상구,http://www.maps1reit.miraeasset.com,서울특별시
085620,미래에셋생명,KOSPI,보험업,생명보험상품,2015-07-08,12월,"김재식, 황문규",http://life.miraeasset.com,서울특별시
006800,미래에셋증권,KOSPI,금융 지원 서비스업,"유가증권매매,유가증권위탁매매,유가증권인수",1975-09-30,12월,"김미섭, 허선호",http://securities.miraeasset.com,서울특별시
00680K,미래에셋증권2우B,KOSPI,,,,,,,
006805,미래에셋증권우,KOSPI,,,,,,,
002840,미원상사,KOSPI,기타 화학제품 제조업,"계면활성제,분황,황산,도료첨가제,프라스틱첨가제 제조",1989-09-25,12월,"홍창식, 강신우(각자대표)",http://www.mwc.co.kr,경기도
268280,미원에스씨,KOSPI,기초 화학물질 제조업,에너지경화수지,2017-05-22,12월,"김형웅, 배원",http://www.miramer.co.kr,전북특별자치도
107590,미원홀딩스,KOSPI,기타 금융업,도료첨가제,2009-03-02,12월,"김정돈, 손응주",,경기도
134380,미원화학,KOSPI,기타 화학제품 제조업,"계면활성제, 황산및분황",2011-02-15,12월,"김정만, 김태호 (각자대표)",http://www.miwonchemicals.com,울산광역시
003650,미창석유,KOSPI,석유 정제품 제조업,"윤활유,고무배합유,전기절연유 제조,판매,수출입",1989-09-27,12월,유재순,http://www.michang.co.kr,부산광역시
377740,바이오노트,KOSPI,의료용품 및 기타 의약 관련제품 제조업,"Rapid 반제품 및 완제품, 동물용신속진단 키트",2022-12-22,12월,조병기,http://www.bionote.co.kr,경기도
003610,방림,KOSPI,직물직조 및 직물제품 제조업,"P/C혼방직물,면방적,각종사류,직물류 제조,도소매",1989-05-30,09월,서재희 대표집행임원,http://www.pangrim.com,서울특별시
001340,백광산업,KOSPI,기초 화학물질 제조업,"가성소다,합성염산 제조,판매",1976-06-10,12월,장영수,http://www.pkic.co.kr,전북특별자치도
035150,백산,KOSPI,플라스틱제품 제조업,"P.U.인조피혁,부직포인공피혁 제조,무역",1999-08-11,12월,"김한준, 전제형(각자 대표이사)",http://www.baiksan.co.kr,경기도
002410,범양건영,KOSPI,건물 건설업,"토목공사,주택건설,건축공사,난방공사,전기공사,포장공사",1988-05-25,12월,강병주,http://www.iby.co.kr,부산광역시
007210,벽산,KOSPI,기타 비금속 광물제품 제조업,"단열재, 천장재, 외장재, 내장재, 외단열, 바닥재 등",1972-01-04,12월,김 성 식,http://www.byucksan.com,서울특별시
002760,보락,KOSPI,기타 화학제품 제조업,"식품향료,식품첨가물,화학제품,껌베이스(자일리톨,에리스리톨),담배향료 제조,판매",1989-11-30,12월,정기련,http://www.bolak.co.kr,경기도
003850,보령,KOSPI,의약품 제조업,"의약품(제산제(겔포스),구심,용각산,고혈압치료제(카프릴),소염진통제(멘소레담),항생제(듀리세프),혈전치료제(아스트릭스)) 제조",1988-10-24,12월,"김정균, 장두현",http://www.boryung.co.kr,서울특별시
000890,보해양조,KOSPI,알코올음료 제조업,"주류(소주,매취,실비우스,위스키) 제조,음료 도매",1988-09-23,12월,"임지선, 조영석",http://www.bohae.co.kr,전라남도
003000,부광약품,KOSPI,의약품 제조업,"의약품,치약,의약부외품(부광탁스,레가론,부광안티프라그) 제조",1988-08-05,12월,이제영,http://www.bukwang.co.kr,서울특별시
001270,부국증권,KOSPI,금융 지원 서비스업,"유가증권 매매,위탁매매,인수,주선",1988-07-19,12월,박현철,http://www.bookook.co.kr,서울특별시
001275,부국증권우,KOSPI,,,,,,,
026940,부국철강,KOSPI,1차 철강 제조업,철강,2008-10-14,12월,남상규/손일호,http://www.bks.co.kr,광주광역시
011390,부산산업,KOSPI,"시멘트, 석회, 플라스터 및 그 제품 제조업","레미콘 제조,판매",1990-09-14,12월,정영교,http://www.busanind.co.kr,부산광역시
005030,부산주공,KOSPI,자동차 신품 부품 제조업,"자동차부품(엔진부품,조향장치부품,브레이장치부품,오토미셧부품) 제조,도매/부동산 임대",1975-12-26,12월,장세훈,http://www.pci21c.com,부산광역시
002070,비비안,KOSPI,봉제의복 제조업,"여성내의류(스타킹,화운데이숀,란제리),카바링사 제조,수출입/부동산 매매,임대",1976-07-13,12월,손영섭,http://www.vivien.co.kr,서울특별시
100220,비상교육,KOSPI,"서적, 잡지 및 기타 인쇄물 출판업","참고서 출판/소프트웨어 개발,공급",2008-06-30,12월,양태회,http://www.visang.com,경기도
090460,비에이치,KOSPI,전자부품 제조업,FPCB (연성인쇄회로기판),2023-06-20,12월,최영식,http://www.bhe.co.kr,인천광역시
005180,빙그레,KOSPI,동·식물성 유지 및 낙농제품 제조업,"아이스크림,우유,스낵,유산균(욥닥터캡슐) 제조",1978-08-31,12월,전창원,http://www.bing.co.kr,경기도
003960,사조대림,KOSPI,수산물 가공 및 저장 처리업,"게맛살,어육연제품,식용류,배합사료 제조",1976-09-16,12월,김상훈,http://dr.sajo.co.kr,서울특별시
008040,사조동아원,KOSPI,"곡물가공품, 전분 및 전분제품 제조업","제분, 배합사료 제조",1989-06-24,12월,남동배,http://do.sajo.co.kr,서울특별시
007160,사조산업,KOSPI,어로 어업,"원양어업(참치,명태,오징어),육가공,참치통조림,장류 제조/냉동냉장 창고운영/부동산 임대/컴퓨터,소프트웨어 개발,도매/팝콘,구운김 도매",1989-07-25,12월,"이창주, 김치곤 (각자대표)",http://www.sajo.co.kr,서울특별시
014710,사조씨푸드,KOSPI,수산물 가공 및 저장 처리업,횟감용 참치 및 기타 일반수산물,2012-06-29,12월,김치곤,http://www.sajosf.co.kr,서울특별시
006090,사조오양,KOSPI,수산물 가공 및 저장 처리업,"원양어업/수산물가공(게맛살) 제조,수출입/냉동 및 냉장보관/부동산 임대",1986-12-24,12월,박정훈,http://www.sajooy.com,서울특별시
062040,산일전기,KOSPI,"전동기, 발전기 및 전기 변환 · 공급 · 제어 장치 제조업","유입, 몰드, 주상, 건식 변압기 등",2024-07-29,12월,박동석,http://www.sanil.co.kr,경기도
001470,삼부토건,KOSPI,토목 건설업,"토목공사,건축공사,포장공사,건설업,분양사업/건설자재 제조",1976-06-26,12월,신규철,http://www.sambu.co.kr,서울특별시
028050,삼성E&A,KOSPI,"건축기술, 엔지니어링 및 관련 기술 서비스업","산업설비,건물,구축물,토목시설의 설계,시공,공사감리",1996-12-24,12월,남궁홍,http://www.samsungena.com,서울특별시
448730,삼성FN리츠,KOSPI,부동산 임대 및 공급업,대치타워 및 에스원빌딩,2023-04-10,01월,이명규,http://www.samsungfnreit.com/,서울특별시
006400,삼성SDI,KOSPI,일차전지 및 이차전지 제조업,"2차전지, 전자재료 제조 판매",1979-02-27,12월,최윤호,http://www.samsungsdi.co.kr,경기도
006405,삼성SDI우,KOSPI,,,,,,,
006660,삼성공조,KOSPI,자동차 신품 부품 제조업,"자동차부품(라디에터,오일쿨러) 제조,판매",1987-11-28,12월,고호곤,http://www.samsungcc.co.kr,경상남도
028260,삼성물산,KOSPI,기타 전문 도매업,"도소매, 건설, 남자용 정장 제조업 등",2014-12-18,12월,"오세철, 정해린, 이재언",http://www.samsungcnt.com,서울특별시
02826K,삼성물산우B,KOSPI,,,,,,,
207940,삼성바이오로직스,KOSPI,기초 의약물질 제조업,바이오의약품,2016-11-10,12월,임존종보 (Rim John Chongbo),http://www.samsungbiologics.com,인천광역시
032830,삼성생명,KOSPI,보험업,"생명보험,부동산 임대",2010-05-12,12월,홍원학,http://www.samsunglife.com,서울특별시
018260,삼성에스디에스,KOSPI,"컴퓨터 프로그래밍, 시스템 통합 및 관리업","IT서비스, 물류BPO",2014-11-14,12월,황성우,http://www.samsungsds.com,서울특별시
009150,삼성전기,KOSPI,전자부품 제조업,"수동소자 (MLCC, Inductor, Chip Resistor 등), 모듈(카메라모듈, 통신모듈), 반도체패키지 기판",1979-02-27,12월,장덕현,http://www.sem.samsung.co.kr,경기도
009155,삼성전기우,KOSPI,,,,,,,
005930,삼성전자,KOSPI,통신 및 방송 장비 제조업,"통신 및 방송 장비 제조(무선) 제품, 반도체 제조(메모리) 제품, 전자부품 제조(디스플레이) 제품, 영상 및 음향기기 제조(영상기기) 제품 등",1975-06-11,12월,한종희,http://www.samsung.com/sec,경기도
005935,삼성전자우,KOSPI,,,,,,,
001360,삼성제약,KOSPI,의약품 제조업,"의약품(까스명수,쓸기담,에프킬라에어졸,액체우황청심원) 제조,도매",1975-07-04,12월,정성택 대표이사,http://www.sspharm.co.kr,경기도
010140,삼성중공업,KOSPI,선박 및 보트 건조업,"선박(벌크선,원유운반선),철구조물,에너지플랜트 생산,판매/토목건축업",1994-01-28,12월,최성안,http://www.samsungshi.com,경기도
016360,삼성증권,KOSPI,금융 지원 서비스업,"유가증권의 매매,위탁매매,인수주선",1988-03-28,12월,박종문,http://www.samsungpop.com,서울특별시
068290,삼성출판사,KOSPI,"서적, 잡지 및 기타 인쇄물 출판업","서적 출판,인쇄,소매/부동산 임대",2002-08-05,12월,김진용,http://www.samsungbooks.com,서울특별시
029780,삼성카드,KOSPI,기타 금융업,"신용카드업,상품신용판매,현금서비스,카드론,리스,기업대출,여행업무,통신판매",2007-06-27,12월,김대환,http://www.samsungcard.co.kr,서울특별시
000810,삼성화재,KOSPI,보험업,"손해보험의 원수,재보험,운용자산의 투자활동",1975-06-30,12월,이문화,http://www.samsungfire.com,서울특별시
000815,삼성화재우,KOSPI,,,,,,,
006110,삼아알미늄,KOSPI,1차 비철금속 제조업,"알루미늄박지,은박지,은박가공품,알페이스트 제조,도매,수출",1980-12-05,12월,"한남희, 김진범",http://www.sama-al.com,경기도
145990,삼양사,KOSPI,기타 식품 제조업,설탕,2011-12-05,12월,"최낙현, 강호성",http://www.samyangcorp.com,서울특별시
145995,삼양사우,KOSPI,,,,,,,
003230,삼양식품,KOSPI,기타 식품 제조업,"라면,스낵,유제품,장유,식용유,사료,향신료,건강음료(루이보스 티) 제조,도매",1975-06-30,12월,"김정수, 김동찬",http://www.samyangfoods.com,서울특별시
002170,삼양통상,KOSPI,"가죽, 가방 및 유사제품 제조업","피혁원단,혁제운동화,혁제장갑,혁제스포츠용품 제조,상품중개,무역",1989-11-10,12월,"허남각, 허준홍 (2인 각자 대표이사)",http://www.samyangts.com,서울특별시
272550,삼양패키징,KOSPI,플라스틱제품 제조업,PET 용기 및 아셉틱 OEM,2017-11-29,12월,김재홍,http://www.samyangpackaging.co.kr/,서울특별시
000070,삼양홀딩스,KOSPI,기타 금융업,"지주회사,경영자문컨설팅",1968-12-27,12월,"엄태웅, 이영준",http://www.samyang.com,서울특별시
000075,삼양홀딩스우,KOSPI,,,,,,,
003720,삼영,KOSPI,플라스틱제품 제조업,"합성수지(BOPP,캐파시타),PPC,랩,종이상자(카톤팩) 제조",1976-06-30,12월,"이석준, 조영한",http://www.sycc.co.kr,서울특별시
002810,삼영무역,KOSPI,기타 전문 도매업,"화공약품, 안경렌즈",1988-03-28,12월,이승용,http://www.samyung.co.kr,서울특별시
005680,삼영전자,KOSPI,전자부품 제조업,"전자부품(알루미늄 전해콘덴서),전기이중층콘덴서,센서 제조,도매",1976-12-28,12월,"변동준, 김성수(각자 대표이사)",http://www.samyoung.co.kr,경기도
023000,삼원강재,KOSPI,자동차 신품 부품 제조업,"열간압연제품(평강,봉강,특수이형강,환강,자동차용 겹판스프링) 제조,판매",2011-07-22,12월,"장범석, 박민희(각자대표)",http://www.samwon-steel.co.kr,경상북도
004380,삼익THK,KOSPI,일반 목적용 기계 제조업,"직선운동시스템,메카트로시스템,기타정밀 자동화기기 제조,판매/전자상거래,인터넷 관련 s/w,h/w 개발,판매,유지보수",1989-09-26,12월,"진영환, 진주완",http://www.samickthk.co.kr,대구광역시
002450,삼익악기,KOSPI,악기 제조업,"피아노,기타,현악기,전자악기,동 부분품 제조,임대,도매",1988-09-30,12월,"김종섭, 이형국",http://www.samick.co.kr,충청북도
004440,삼일씨엔에스,KOSPI,"시멘트, 석회, 플라스터 및 그 제품 제조업","PHC파일, 강교, PC",2016-03-30,12월,윤성용,http://www.esamil.com,경기도
000520,삼일제약,KOSPI,의약품 제조업,"양약(부루펜,액티피드,포리부틴) 제조,도매",1985-05-29,12월,허승범,http://www.samil-pharm.com,서울특별시
009770,삼정펄프,KOSPI,"펄프, 종이 및 판지 제조업","지류화장지,안면용,위생용 티슈 제조,판매",2006-10-17,12월,전성오,http://www.sjpulp.com,경기도
005500,삼진제약,KOSPI,의약품 제조업,"의약품(게보린,세트라졸,염산나록손) 제조,판매,수출입,약초재배",1988-06-18,12월,최용주,http://www.samjinpharm.co.kr,서울특별시
004690,삼천리,KOSPI,연료용 가스 제조 및 배관공급업,도시가스 공급/부동산 임대,1976-12-23,12월,"이찬의, 유재권",http://www.samchully.co.kr,서울특별시
010960,삼호개발,KOSPI,기반조성 및 시설물 축조관련 전문공사업,"토공사,철근콘크리트공사,포장공사,미장방수공사,상하수도공사,수중공사,비계구조물해체공사/골재,아스콘 제조,판매,중기임대",2005-05-12,12월,심재범,http://www.samhodev.co.kr/,충청남도
004450,삼화왕관,KOSPI,기타 금속 가공제품 제조업,"납세용 일반병마개,알루미늄캡,플라스틱캡 제조,판매,금속인쇄,수출",1976-05-28,12월,고기영,http://www.samhwa.co.kr,경기도
009470,삼화전기,KOSPI,전자부품 제조업,"콘덴서 제조,판매",1986-11-24,12월,"오영주, 박종온",http://www.samwha.co.kr,충청북도
011230,삼화전자,KOSPI,영상 및 음향기기 제조업,"전자부품(페라이트 코어,SMPS,편향요크(DY),고압변성기(FBT)용코어) 제조,판매",1987-05-25,12월,"오영주, 이건화",http://www.samwha.co.kr,경기도
001820,삼화콘덴서,KOSPI,전자부품 제조업,콘덴서(축전기) 제조,1976-06-26,12월,"오영주, 박진",http://www.samwha.com,경기도
000390,삼화페인트,KOSPI,기타 화학제품 제조업,"건축용페인트,공업용페인트,분체도료 등 제조",1993-09-10,12월,"류기붕,배맹달(각자대표)",http://www.samhwa.com,경기도
001290,상상인증권,KOSPI,금융 지원 서비스업,유가증권 매매,1988-09-23,12월,주 원,http://www.sangsanginib.com,서울특별시
041650,상신브레이크,KOSPI,자동차 신품 부품 제조업,"자동차 브레이크 슈 어셈블리,브레이크패드 제조/군납업,무역/부동산 임대",2004-10-27,12월,박세종,http://www.sangsin.com,대구광역시
075180,새론오토모티브,KOSPI,자동차 신품 부품 제조업,"자동차부품(브레이크패드,라이닝)",2005-10-21,12월,"박도순, 쿠마카와 테츠야",http://www.saeronauto.co.kr,충청남도
007540,샘표,KOSPI,기타 금융업,"간장,된장,고추장 제조,가공,판매,무역",1976-06-29,12월,박진선,http://www.sempio.com,서울특별시
248170,샘표식품,KOSPI,기타 식품 제조업,간장,2016-08-09,12월,박진선,http://www.sempio.com,서울특별시
007860,서연,KOSPI,기타 금융업,"자동차부품(승용차내장품-도어트림,헤드라이닝,승용차시트) 제조,도매",1989-09-09,12월,유양석,http://www.seo-yon.com,경기도
200880,서연이화,KOSPI,자동차 신품 부품 제조업,자동차 도어 트림 및 시트,2014-08-08,12월,강용석,http://www.seoyoneh.com,경기도
017390,서울가스,KOSPI,연료용 가스 제조 및 배관공급업,"도시가스공급,가스공급설비공사",1995-08-18,12월,공동대표이사 박근원 공동대표이사 김진철,http://www.seoulgas.co.kr,서울특별시
004410,서울식품,KOSPI,기타 식품 제조업,"빵,스넥,마아가린,유지류,사료 제조,도매",1973-12-28,12월,서성훈,http://seoul-food.co.kr,충청북도
004415,서울식품우,KOSPI,,,,,,,
021050,서원,KOSPI,금속 주조업,"비철금속(황동 빌레트,인코트) 제조,재생원료생산",1996-01-30,12월,"조시영, 조경호",http://www.swbrass.co.kr,경기도
008490,서흥,KOSPI,기타 화학제품 제조업,"의약품(하드캅셀,건강보조식품,소프트캅셀),건강보조식품,인삼제품 제조,판매",1990-03-27,12월,양주환,http://www.suheung.com,충청북도
007610,선도전기,KOSPI,"전동기, 발전기 및 전기 변환 · 공급 · 제어 장치 제조업","수배전반,중전기기 제조,도매/전기공사",1989-11-30,12월,권 혁,http://www.seondo.co.kr,경기도
136490,선진,KOSPI,동물용 사료 및 조제식품 제조업,조제동물사료,2011-02-16,12월,이범권,,경기도
014910,성문전자,KOSPI,전자부품 제조업,"콘덴서용 증착필름,압력분무식 플러스자동도포기 제조,판매",1990-03-24,12월,신준섭,http://www.smec-korea.co.kr,경기도
014915,성문전자우,KOSPI,,,,,,,
003080,성보화학,KOSPI,"비료, 농약 및 살균, 살충제 제조업","완제농약(해비치과립,카스텔란),원제농약(슈퍼유나니,다이아톤) 제조,도매",1976-12-23,12월,윤정선,http://www.sbcc.kr,경기도
004980,성신양회,KOSPI,"시멘트, 석회, 플라스터 및 그 제품 제조업","시멘트,레미콘 제조",1976-06-30,12월,한인호,http://www.sungshincement.co.kr,서울특별시
004985,성신양회우,KOSPI,,,,,,,
011300,성안머티리얼스,KOSPI,직물직조 및 직물제품 제조업,"제직,염색,폴리에스터직물,자수직물봉제 제조,판매/임대료,관리비 수입",1995-11-10,12월,임종찬,http://www.startex.co.kr,대구광역시
000180,성창기업지주,KOSPI,회사 본부 및 경영 컨설팅 서비스업,"합판, 마루, 파티클보드, 우드칩, 포르말린 등 제조",1976-06-02,12월,우인석,http://www.sce.kr,부산광역시
002420,세기상사,KOSPI,연료 소매업,"극장(영화상영)/극영화,만화영화 제조/음식료품,일용잡화 소매/부동산 임대",1968-12-27,12월,조영준,http://www.daehancinema.co.kr,서울특별시
004360,세방,KOSPI,도로 화물 운송업,"도로운송,항만하역,창고,지게차 임대",1977-05-19,12월,최종일,http://www.sebang.com,부산광역시
004365,세방우,KOSPI,,,,,,,
004490,세방전지,KOSPI,일차전지 및 이차전지 제조업,"자동차용 및 산업용 축전지(연축전지) 제조,판매",1987-11-28,12월,대표이사 김대웅,http://www.gbattery.com,서울특별시
001430,세아베스틸지주,KOSPI,1차 철강 제조업,"특수강,철도용품,자동차부품 제조,수출입",1991-03-12,12월,"이태성, 김수호",http://www.seahbesteel.co.kr,서울특별시
306200,세아제강,KOSPI,1차 철강 제조업,강관,2018-10-05,12월,"이휘령, 홍만기",http://www.seahsteel.co.kr,서울특별시
003030,세아제강지주,KOSPI,기타 금융업,경영컨설팅업,1969-05-13,12월,"이주성, 조영빈",http://www.seahsteel.co.kr/company/holdings/,서울특별시
019440,세아특수강,KOSPI,1차 철강 제조업,"냉간압조용선재,마봉강,스테인레스봉강 제조",2011-06-01,12월,이강현,http://www.seahsp.co.kr,경상북도
058650,세아홀딩스,KOSPI,1차 철강 제조업,지주회사/투자 및 경영컨설팅/부동산 임대,2001-07-30,12월,"이태성, 양영주",http://www.seahholdings.co.kr,서울특별시
013000,세우글로벌,KOSPI,기타 전문 도매업,"화공약품.엔지니어링 플라스틱,페놀계제품,석유화학제품 판매/철재가구,사무목재가구 제조/교육사업",1989-09-05,12월,안백순,http://www.sewooglobal.co.kr,인천광역시
091090,세원이앤씨,KOSPI,"구조용 금속제품, 탱크 및 증기발생기 제조업","화학플랜트 설비,기계 제작(음식료,석유화학사업관련)/유공압기기 판매",2006-07-31,12월,김동화,http://www.sewonenc.com,경상남도
021820,세원정공,KOSPI,자동차 신품 부품 제조업,"자동차부품(차체류,램프류) 제조",1996-07-03,06월,장제상,http://www.se-won.co.kr,대구광역시
067830,세이브존I&C,KOSPI,종합 소매업,"대형할인점(백화점)/부동산 임대/주차장,문화센터 운영",2002-07-25,12월,이상준,http://www.savezone.co.kr,서울특별시
075580,세진중공업,KOSPI,선박 및 보트 건조업,"선박 Deck House, LPG Tank, Upper Deck Unit, 해양플랜트 Living Quarter",2015-11-30,12월,최양환,http://www.sejinheavy.com,울산광역시
068270,셀트리온,KOSPI,기초 의약물질 제조업,"램시마, 트룩시마, 허쥬마",2018-02-09,12월,"기우성, 김형기, 서진석",http://www.celltrion.com,인천광역시
336370,솔루스첨단소재,KOSPI,전자부품 제조업,"동박, 유압기기 등",2019-10-18,12월,"진대제, 곽근만(각자 대표이사)",http://www.solusadvancedmaterials.com,전북특별자치도
33637K,솔루스첨단소재1우,KOSPI,,,,,,,
33637L,솔루스첨단소재2우B,KOSPI,,,,,,,
248070,솔루엠,KOSPI,전자부품 제조업,"POWER, 3in1 Board, ESL 등",2021-02-02,12월,전성호,http://www.solum-group.co.kr,경기도
004430,송원산업,KOSPI,기타 화학제품 제조업,"폴리머첨가제(PVC안정제,산화방지제),폴리우레탄수지,프라스틱첨가제 제조",1977-06-25,12월,김충식 대표이사,http://www.songwon.com,울산광역시
126720,수산인더스트리,KOSPI,건물설비 설치 공사업,전력발전설비 정비 용역,2022-08-01,12월,한봉섭,http://www.soosanind.co.kr,충청남도
017550,수산중공업,KOSPI,특수 목적용 기계 제조업,"유압브레이커,트럭크레인,플라즈마 파암장비,특장차,산업기계,건설기계 제조,도매",1991-08-30,12월,양희준,http://www.soosanheavy.com,경기도
053210,스카이라이프,KOSPI,텔레비전 방송업,위성방송서비스,2011-06-03,12월,최영범,http://www.ktskylife.co.kr,서울특별시
204210,스타에스엠리츠,KOSPI,부동산 임대 및 공급업,"호텔 부동산 취득, 관리, 개량 및 처분",2016-09-22,12월,장정성,http://www.starreit.co.kr,서울특별시
026890,스틱인베스트먼트,KOSPI,신탁업 및 집합투자업,사모펀드(PEF),1997-11-25,12월,"곽동걸, 강신우",http://www.stic.co.kr,서울특별시
134790,시디즈,KOSPI,가구 제조업,의자,2011-01-25,12월,강성문,http://www.sidiz.com,경기도
462870,시프트업,KOSPI,소프트웨어 개발 및 공급업,게임 소프트웨어,2024-07-11,12월,김형태,http://shiftup.co.kr,서울특별시
016590,신대양제지,KOSPI,"골판지, 종이 상자 및 종이용기 제조업","골판지용 골심지,라이너지 제조,수출입",1995-12-21,12월,"권혁홍, 이상천(각자 대표이사)",http://www.dygroup.co.kr,경기도
029530,신도리코,KOSPI,컴퓨터 및 주변장치 제조업,"복사기, 3D프린터, 프린터, 주변기기 제조,판매",1996-12-24,12월,서동규,http://www.sindoh.com,서울특별시
004970,신라교역,KOSPI,어로 어업,"원양어업(참치,명태,휠레트,연육,명란,새우),어획물 판매/직물 수출",1976-06-30,12월,김호운,http://www.sla.co.kr,서울특별시
011930,신성이엔지,KOSPI,반도체 제조업,"태양전지, 태양광모듈 제조 및 판매, 태양광 발전설치공사, 클린룸, 자동화장비",1996-07-31,12월,이지선,http://www.shinsungeng.com,경기도
005390,신성통상,KOSPI,기타 전문 도매업,"의류,악세사리(모자,벨트,가방) 도매/의류 제조",1975-12-22,06월,대표이사 염태순,http://www.ssts.co.kr,서울특별시
004170,신세계,KOSPI,종합 소매업,"백화점,할인점(E마트)",1985-08-19,12월,박주형,http://www.shinsegae.com,서울특별시
035510,신세계 I&C,KOSPI,"컴퓨터 프로그래밍, 시스템 통합 및 관리업","IT시스템 개발, 운영 및 유지보수, IT 컨설팅, IT장비솔루션 총판, 아웃소싱, IDC, IT기기 및 휴대폰 유통, 전자상품권",2006-05-18,12월,형태준,http://www.shinsegae-inc.com,서울특별시
034300,신세계건설,KOSPI,건물 건설업,"토목,건축,건축관련기술서비스,빌딩관리용역,골프장,내장공사,시설개보수,설계용역",2002-06-17,12월,허병훈,http://httpswww.shinsegae-enc.com,서울특별시
031430,신세계인터내셔날,KOSPI,"섬유, 의복, 신발 및 가죽제품 소매업","섬유, 의복, 신발 및 가죽제품 소매",2011-07-14,12월,윌리엄 김(KIM WILLIAM PAK),http://www.sikorea.co.kr,서울특별시
031440,신세계푸드,KOSPI,음식점업,"단체급식, 식자재유통, 외식",2010-04-29,12월,송현석,http://www.shinsegaefood.com,서울특별시
006880,신송홀딩스,KOSPI,산업용 농·축산물 및 동·식물 도매업,사업경영 및 관리자문,2013-11-21,12월,조갑주,http://www.singsongholdings.com,서울특별시
005800,신영와코루,KOSPI,봉제의복 제조업,"여성용 내의류(화운데이션,란제리,블래지어),환자,노령자용 파자마,남성용 내의류 제조",1976-12-28,12월,"이의평, 이성원",http://www.shinyoungwacoal.co.kr/,서울특별시
001720,신영증권,KOSPI,금융 지원 서비스업,증권업,1987-08-24,03월,"원종석, 황성엽",http://www.shinyoung.com,서울특별시
009270,신원,KOSPI,봉제의복 제조업,"여성,남성의류,스웨터,의복관련 악세사리,사카린,망초 제조,판매,수출입/섬유의류 도매/신용카드업/의류전문 물류대행 및 임대사업",1988-08-24,12월,박정주,http://www.sw.co.kr,서울특별시
002700,신일전자,KOSPI,기계장비 및 관련 물품 도매업,"가정용 전기기구(선풍기,난로,세탁기),전자기구,연구기구 제조,수출입",1975-09-30,12월,정윤석,http://www.shinil.co.kr,충청남도
002870,신풍,KOSPI,기타 전문 도매업,"마닐라판지 제조,도소매",1976-06-30,12월,정학헌,http://spinc.co.kr,서울특별시
019170,신풍제약,KOSPI,의약품 제조업,"의약품(항생제,혈전용해제,향정신성약품,구충제) 제조,판매",1990-01-20,12월,유 제 만,http://www.shinpoong.co.kr,경기도
019175,신풍제약우,KOSPI,,,,,,,
481850,신한글로벌액티브리츠,KOSPI,신탁업 및 집합투자업,신탁 및 집합투자,2024-07-01,02월,조준우,http://shglobalreit.com,서울특별시
404990,신한서부티엔디리츠,KOSPI,부동산 임대 및 공급업,부동산투자,2021-12-10,12월,승만호,http://shsbreit.com,서울특별시
293940,신한알파리츠,KOSPI,부동산 임대 및 공급업,비거주 부동산 임대 서비스업,2018-08-08,03월,이준구,http://www.shalphareit.com,서울특별시
055550,신한지주,KOSPI,기타 금융업,금융지주회사,2001-09-10,12월,진옥동,http://www.shinhangroup.com,서울특별시
004080,신흥,KOSPI,기계장비 및 관련 물품 도매업,"치과용기자재(방사선장치,전기진단장치),주사침 도소매,제조/부동산 임대",1991-02-08,12월,이용익,http://www.shinhung.co.kr,서울특별시
102280,쌍방울,KOSPI,봉제의복 제조업,,2008-06-10,12월,이형석,http://www.sbw.co.kr,서울특별시
004770,써니전자,KOSPI,전자부품 제조업,"수정진동자,수정발진기,초음파지연선,MCF,축수나사 제조,도매,수출입",1987-04-22,12월,차상권,http://www.sunny.co.kr,충청북도
403550,쏘카,KOSPI,운송장비 임대업,"카셰어링, 모빌리티 플랫폼 등",2022-08-22,12월,박재욱,http://www.socarcorp.kr,제주특별자치도
004920,씨아이테크,KOSPI,영상 및 음향기기 제조업,"컴퓨터 소프트웨어,하드웨어 서버,도매",1989-11-30,12월,김대영,http://www.citech.kr,서울특별시
112610,씨에스윈드,KOSPI,"구조용 금속제품, 탱크 및 증기발생기 제조업",풍력발전타워 제조,2014-11-27,12월,방성훈,http://www.cswind.com,서울특별시
308170,씨티알모빌리티,KOSPI,자동차 신품 부품 제조업,"이너레이스, 오디 클러치보스, 로터샤프트, 슬리브기어, 컨트롤 암, 엑슬",2019-11-25,12월,"이동옥, 강태룡",http://www.ctrmobility.co.kr,울산광역시
008700,아남전자,KOSPI,영상 및 음향기기 제조업,"칼라TV,오디오,비디오 제조,도매",1984-08-11,12월,"공동대표이사 : 유성준, 박준구",http://www.aname.co.kr,서울특별시
002790,아모레G,KOSPI,기타 화학제품 제조업,지주회사,1973-04-30,12월,"서경배, 이상목",http://www.apgroup.com,서울특별시
00279K,아모레G3우(전환),KOSPI,,,,,,,
002795,아모레G우,KOSPI,,,,,,,
090430,아모레퍼시픽,KOSPI,기타 화학제품 제조업,"화장품,생활용품 제조, 판매",2006-06-29,12월,"서경배, 김승환",http://www.apgroup.com,서울특별시
090435,아모레퍼시픽우,KOSPI,,,,,,,
002030,아세아,KOSPI,회사 본부 및 경영 컨설팅 서비스업,"회사본부,지주회사 및 경영컨설팅 서비스업",1974-06-03,12월,"이훈범, 오기호",http://asiaholdings.co.kr,서울특별시
183190,아세아시멘트,KOSPI,"시멘트, 석회, 플라스터 및 그 제품 제조업","시멘트, 레미콘, 몰탈",2013-11-06,12월,"임경태, 김웅종",http://www.asiacement.co.kr,서울특별시
002310,아세아제지,KOSPI,"골판지, 종이 상자 및 종이용기 제조업","골판지원지,석고보드원지,크라프트원지,라이나원지,라이너지 제조,판매",1988-12-15,12월,"유승환, 이현탁",http://www.asiapaper.co.kr,서울특별시
012170,아센디오,KOSPI,"영화, 비디오물, 방송프로그램 제작 및 배급업",석탄(점결탄) 판매,1989-12-20,12월,한승일,http://ascendio.co.kr,서울특별시
267850,아시아나IDT,KOSPI,"컴퓨터 프로그래밍, 시스템 통합 및 관리업","IT 서비스, IT 솔루션",2018-11-23,12월,김응철,http://www.asianaidt.com,서울특별시
020560,아시아나항공,KOSPI,항공 여객 운송업,"항공운송(여객운송,화물운송)/항공기 제조,정비수리",2008-03-28,12월,원유석,http://www.flyasiana.com,서울특별시
122900,아이마켓코리아,KOSPI,상품 종합 도매업,B2B 전자상거래,2010-07-30,12월,남인봉,http://www.imarketkorea.com,서울특별시
010780,아이에스동서,KOSPI,"시멘트, 석회, 플라스터 및 그 제품 제조업","타일,위생도기,콘크리트파일,P.C관,침목 제조,도매",1986-01-27,12월,"이준길, 남병옥",http://www.isdongseo.co.kr,서울특별시
139990,아주스틸,KOSPI,1차 철강 제조업,"프리미엄 가전용 고품질 컬러강판, 건자재 등",2021-08-20,12월,이학연,http://www.ajusteel.com,경상북도
009320,아진전자부품,KOSPI,자동차 신품 부품 제조업,자동차 전장부품,1989-08-25,12월,"서중호,문종은",http://www.dwecc.com,전북특별자치도
001780,알루코,KOSPI,1차 비철금속 제조업,"알루미늄제품,샷시 제조",2007-06-07,12월,박진우,http://www.aluko.co.kr,대전광역시
018250,애경산업,KOSPI,기타 화학제품 제조업,"Age 20's,루나, 트리오, 2080치약, 순샘, 제트 등",2018-03-22,12월,"채동석, 김상준",http://www.aekyung.co.kr,서울특별시
161000,애경케미칼,KOSPI,기초 화학물질 제조업,무수프탈산 등,2012-09-17,12월,표경원,http://www.aekyungchemical.co.kr,서울특별시
011090,에넥스,KOSPI,가구 제조업,"씽크상판,주방기기,목재케비넷,유해가스저감장치시설 제조,판매",1995-07-08,12월,박진규,http://www.enex.co.kr,서울특별시
137310,에스디바이오센서,KOSPI,의료용 기기 제조업,STANDARD Q 항원/항체 진단키트(COVID-19 진단키트),2021-07-16,12월,"이효근,허태영",http://sdbiosensor.co.kr/,경기도
005850,에스엘,KOSPI,자동차 신품 부품 제조업,"자동차부품(자동차램프, 전동화부품, 전자부품) 제조, 판매",1988-11-08,12월,"이성엽,김한영",http://www.slworld.com,대구광역시
010580,에스엠벡셀,KOSPI,자동차 신품 부품 제조업,"자동차부품(워터펌프,오일펌프,엔진헤드(GV6),프론트케이스) 제조",1994-12-27,12월,"유병선, 최세환(각자대표)",http://www.smbexel.com,충청남도
012750,에스원,KOSPI,"경비, 경호 및 탐정업","부가통신 서비스(경비),안전관리용역,CCTV카메라",1996-01-30,12월,"남궁범, 하나오카 타쿠로",http://www.s1.co.kr,서울특별시
023960,에쓰씨엔지니어링,KOSPI,토목 건설업,"기술용역(건축설계) 서비스/화학플랜트 설비,기계 제작(음식료,석유화학사업관련)/유공압기기 판매",1997-06-23,12월,김건우,http://www.sc-eng.com,서울특별시
298690,에어부산,KOSPI,항공 여객 운송업,항공 여객 및 화물 운송,2018-12-27,12월,두성국,http://www.airbusan.com,부산광역시
140910,에이리츠,KOSPI,부동산 임대 및 공급업,,2011-07-14,12월,김종국 (단독 대표이사),http://www.areit.co.kr,서울특별시
078520,에이블씨엔씨,KOSPI,기타 화학제품 제조업,"화장품 제조,도소매/소프트웨어 자문,개발,공급/전자상거래",2011-09-07,12월,신유정,http://www.able-cnc.com,서울특별시
015260,에이엔피,KOSPI,전자부품 제조업,"전자부품(인쇄회로기판),무정전 전원공급장치 제조",1988-01-18,12월,전운관,http://anpcb.co.kr,인천광역시
007460,에이프로젠,KOSPI,기타 금속 가공제품 제조업,"단열장치,철구조물,가열로,특수단열재(금속표면경화육성,원자로용) 제조/단열공사/부동산 임대",1995-07-08,12월,김재섭,http://www.aprogen.com,경기도
003060,에이프로젠바이오로직스,KOSPI,의약품 제조업,"의약품(항생제,영양수액제,드링크제,철결핍성빈혈예방치료제,경옥동충하초) 제조,판매",1984-10-19,12월,"김재섭, 김정출",http://www.aprogen-pharm.com,서울특별시
244920,에이플러스에셋,KOSPI,보험 및 연금관련 서비스업,보험대리 및 중개업,2020-11-20,12월,"곽근호, 황승목(각자대표)",,서울특별시
278470,에이피알,KOSPI,기타 화학제품 제조업,"화장품, 피부미용기기 등",2024-02-27,12월,김병훈,http://apr-in.com,서울특별시
450080,에코프로머티,KOSPI,일차전지 및 이차전지 제조업,배터리 양극재용 핵심소재 하이니켈 전구체,2023-11-17,12월,김병훈,http://ecopromaterials.com/,경상북도
036570,엔씨소프트,KOSPI,소프트웨어 개발 및 공급업,"인터넷머그게임(리니지),그룹웨어,인터넷커뮤니티 개발,유지,공급",2003-05-22,12월,"김택진, 박병무 (공동대표이사)",http://www.ncsoft.net,서울특별시
085310,엔케이,KOSPI,"구조용 금속제품, 탱크 및 증기발생기 제조업","고압가스용기,선박용,육상용 소화설비장치,천연가스이동식충전소 제조,도매",2008-01-24,12월,"천남주, 박제완",http://www.nkcf.com,부산광역시
900140,엘브이엠씨홀딩스,KOSPI,자동차 판매업,지주회사,2010-11-30,12월,"오세영, 노성석, 김선발 (각자 대표이사)",http://www.lvmcholdings.net,케이맨 제도
066970,엘앤에프,KOSPI,일차전지 및 이차전지 제조업,이차전지 양극활물질,2024-01-29,12월,최수안,http://www.landf.co.kr/,대구광역시
097520,엠씨넥스,KOSPI,영상 및 음향기기 제조업,"모바일 카메라모듈,전장 카메라모듈,블랙박스,IP 카메라",2021-07-06,12월,민동욱,http://www.mcnex.co.kr,인천광역시
484870,엠앤씨솔루션,KOSPI,특수 목적용 기계 제조업,방위산업용 유압식/전기식 부품 및 시스템,2024-12-16,12월,김병근,http://www.mncsolution.com,경상남도
014440,영보화학,KOSPI,플라스틱제품 제조업,"가교발포폴리에틸렌(아티론,영보드) 제조,판매",1997-08-27,12월,김태훈,http://www.youngbo.com,충청북도
111770,영원무역,KOSPI,상품 종합 도매업,스포츠의류,2009-07-30,12월,성기학,,서울특별시
009970,영원무역홀딩스,KOSPI,기타 금융업,"스포츠의류(등산복,운동복,스키복) 도소매,수출,섬유봉제",1988-11-07,12월,성래은,,서울특별시
003520,영진약품,KOSPI,의약품 제조업,"의약품(드링크제,항생제,영양수액제),의약부외품 제조,판매",1973-06-25,12월,이기수,http://www.yungjin.co.kr,서울특별시
000670,영풍,KOSPI,1차 비철금속 제조업,"제1차 금속산업(아연괴,황산,카드뮴괴),건전지 제조,무역",1976-06-12,12월,박영민,http://www.ypzinc.co.kr,서울특별시
006740,영풍제지,KOSPI,"골판지, 종이 상자 및 종이용기 제조업","골판지원지,지관원지,라이나원지 제조",1996-07-03,12월,이옥순,http://www.yp21.co.kr,경기도
012280,영화금속,KOSPI,자동차 신품 부품 제조업,"자동차부품,건축자재(관이음쇠) 제조,판매",1990-01-25,12월,최동윤(단독 대표이사),http://www.yeonghwa.co.kr,경상남도
012160,영흥,KOSPI,1차 철강 제조업,와이어로프 등,2010-01-25,12월,강근욱,http://www.youngwire.com,충청남도
015360,예스코홀딩스,KOSPI,회사 본부 및 경영 컨설팅 서비스업,지주사업,1996-12-24,12월,"구본혁, 이정철",http://www.yescoholdings.com,서울특별시
007310,오뚜기,KOSPI,기타 식품 제조업,"라면,마요네즈,카레,스프,당면,소오스,토마토케첩,마가린,냉동생지(바게트,크로와상),참치캔,식초,3분짜장 제조",1994-08-12,12월,"함영준, 황성만",http://www.ottogi.co.kr,경기도
002630,오리엔트바이오,KOSPI,의약품 제조업,의약품 제조,1976-12-28,03월,장재진,http://www.orient.co.kr,경기도
271560,오리온,KOSPI,기타 식품 제조업,스낵 등 과자류,2017-07-07,12월,이승준,http://www.orionworld.com,서울특별시
001800,오리온홀딩스,KOSPI,기타 금융업,자회사 관리 지주사업 등,1975-06-27,12월,허인철,http://www.oriongroup.co.kr,서울특별시
005320,온타이드,KOSPI,생활용품 도매업,"셔츠,스웨터,파자마(섬유제품) 제조,판매,수출/부동산 임대",1996-12-24,12월,우혁주,http://www.ontide.co.kr,서울특별시
011690,와이투솔루션,KOSPI,반도체 제조업,"혼성직접회로,통신기기 제조/화공약품,케이블 도매",1995-12-21,12월,강석환,http://www.yuyang.co.kr,경기도
316140,우리금융지주,KOSPI,기타 금융업,금융지주,2019-02-13,12월,임종룡,http://www.woorifg.com/,서울특별시
006980,우성,KOSPI,"곡물가공품, 전분 및 전분제품 제조업","배합사료,Suit-feed(맞춤 TMR(육성우,건유우,착유우) 사료),농후사료,곡류(강피류 등 부산물) 제조,판매/부동산 임대,무역",1988-10-10,12월,한재규,http://wsgroup.co.kr,대전광역시
017370,우신시스템,KOSPI,특수 목적용 기계 제조업,"자동차차체자동화용접조립라인,용접설비,자동용접장비 제조,판매",2002-05-28,12월,허우영,http://www.wooshinsys.co.kr,서울특별시
105840,우진,KOSPI,"측정, 시험, 항해, 제어 및 기타 정밀기기 제조업; 광학기기 제외",원전용계측기,2010-07-26,12월,"이재상, 백승한 각자대표",http://www.woojininc.com,경기도
010400,우진아이엔에스,KOSPI,건물설비 설치 공사업,반도체/디스플레이 코팅덕트,2018-09-14,12월,홍경모,http://www.woojini.com,서울특별시
049800,우진플라임,KOSPI,특수 목적용 기계 제조업,"플라스틱사출성형기 제조,판매",2006-05-24,12월,김익환,http://www.woojinplaimm.com,충청북도
016880,웅진,KOSPI,회사 본부 및 경영 컨설팅 서비스업,"교육서비스(웅진아이큐,중.고교학습,어린이마을),도서,잡지 출판/부동산 임대/인터넷관련사업",1994-11-05,12월,"윤새봄, 이수영 각자대표",http://www.woongjin.com,서울특별시
095720,웅진씽크빅,KOSPI,초등 교육기관,"기타출판 제조/서적,교구,통신판매 도소매/부동산 임대/교구렌탈,컴퓨터운용관련서비스",2007-05-31,12월,이봉주,http://www.wjthinkbig.com,경기도
005820,원림,KOSPI,직물직조 및 직물제품 제조업,"고무,플라스틱제품,산업용포장재,PP.BAG,타포린 제조,도매/부동산 임대/주택 신축,판매/인터넷 정보통신/벤처회사 투자",1990-04-20,12월,신성엽,http://www.wonlim.co.kr,서울특별시
010600,웰바이오텍,KOSPI,상품 중개업,"피혁의류 도,소매,의류 판매,수입,피혁(GRAIN LEATHER) 제조",1997-07-18,12월,김한국,http://www.wellbiotec.co.kr,서울특별시
008600,윌비스,KOSPI,생활용품 도매업,"스웨터,니트,셔츠 도매,제조/컴퓨터주변기기 무역,오파,임대",1989-07-28,12월,"임찬혁(대표집행임원), 송주호(대표집행임원)",http://www.willbes.com,충청남도
033270,유나이티드제약,KOSPI,의약품 제조업,"홈타민 진생연질60C(비타민제),항암제,항생제,순환기계,해열진통제,소화기계약품 제조",2007-10-23,12월,강덕영,http://www.kup.co.kr,세종특별자치시
014830,유니드,KOSPI,기초 화학물질 제조업,"탄산칼륨,가성칼륨,가성카리,탄산카리(무기화합물),MDF(가공목재) 제조,도매",2004-12-03,12월,"정의승, 이우일",http://www.unid.co.kr,서울특별시
446070,유니드비티플러스,KOSPI,제재 및 목재 가공업,MDF 등,2022-11-28,12월,한상준,,서울특별시
000910,유니온,KOSPI,"시멘트, 석회, 플라스터 및 그 제품 제조업","백시멘트,타일시멘트,알루미나시멘트,용융알루미나,급결제,필터프레스,유니필터제조,도매",1996-07-03,12월,"이건영, 이우선",http://www.unioncement.com,서울특별시
047400,유니온머티리얼,KOSPI,"내화, 비내화 요업제품 제조업","페라이트,세라믹 제조,도매",2009-09-29,12월,"김진영, 이우선",http://unionmaterials.com,대구광역시
011330,유니켐,KOSPI,"가죽, 가방 및 유사제품 제조업","피혁 제조,도매,무역,부동산임대",1989-12-14,12월,"정재형,박지호,김진환",http://www.uni-chem.net,경기도
077500,유니퀘스트,KOSPI,기계장비 및 관련 물품 도매업,"반도체직접회로 도매,무역,제조",2004-08-05,12월,앤드류김,http://www.uniquest.co.kr,경기도
002920,유성기업,KOSPI,자동차 신품 부품 제조업,"철도차량부품(피스턴링,실린더라이너,발브가이드,타펫트),자동차부품,주강,주물 제조,판매",1988-10-10,12월,류현석(대표이사),http://www.ypr.co.kr,충청남도
000700,유수홀딩스,KOSPI,회사 본부 및 경영 컨설팅 서비스업,지주사업,1956-03-03,12월,송영규,http://www.eusu-holdings.com,서울특별시
003470,유안타증권,KOSPI,금융 지원 서비스업,"유가증권 매매,중개,대리,인수",1988-01-21,12월,뤄즈펑,http://www.yuantakorea.com,서울특별시
003475,유안타증권우,KOSPI,,,,,,,
072130,유엔젤,KOSPI,"자료처리, 호스팅, 포털 및 기타 인터넷 정보매개 서비스업","소프트웨어(무선인터넷 솔루션,ASP통신사업자용 지능망솔루션 및 단문메세지센터) 개발,공급",2003-07-01,12월,유지원,http://www.uangel.com,경기도
000220,유유제약,KOSPI,의약품 제조업,"의약품 제조,판매",1975-11-18,12월,"유원상, 박노용(각자대표)",http://www.yuyu.co.kr,충청북도
000225,유유제약1우,KOSPI,,,,,,,
000227,유유제약2우B,KOSPI,,,,,,,
001200,유진투자증권,KOSPI,금융 지원 서비스업,"유가증권 매매,중개,인수",1987-08-24,12월,"유창수, 고경모(각자 대표)",http://www.eugenefn.com,서울특별시
000100,유한양행,KOSPI,의약품 제조업,"의약품(삐콤씨, 안티푸라민, 렉라자, 로수바미브, 코푸시럽 등), 생활용품(유한락스, 해피홈, 유한젠), 동물약품",1962-11-01,12월,대표이사 조욱제,http://www.yuhan.co.kr,서울특별시
000105,유한양행우,KOSPI,,,,,,,
003460,유화증권,KOSPI,금융 지원 서비스업,증권업,1987-08-24,12월,고승일,http://www.yhs.co.kr,서울특별시
003465,유화증권우,KOSPI,,,,,,,
008730,율촌화학,KOSPI,플라스틱제품 제조업,"연포장재,필름,골판지상자,합성수지,플라스틱일반성형제품 제조",1988-08-30,12월,"송녹정,신동윤",http://www.youlchon.com,서울특별시
008250,이건산업,KOSPI,나무제품 제조업,"컨테이너용합판,목재 파렛트,프레스우드 파렛트,가공목재,제재목 제조/부동산 임대",1988-10-21,12월,백오현,http://www.eagon.com,인천광역시
025820,이구산업,KOSPI,1차 비철금속 제조업,"동판.조,황동판.조,인청동판.조 제조,임가공/부동산 임대",1995-08-18,12월,"안월환, 김영길(각자 대표이사)",http://www.leeku.net,경기도
214320,이노션,KOSPI,광고업,광고대행 및 광고물의 제작 등,2015-07-17,12월,이용우,http://www.innocean.com,서울특별시
088260,이리츠코크렙,KOSPI,부동산 임대 및 공급업,부동산투자회사,2018-06-27,06월,김영규,,서울특별시
139480,이마트,KOSPI,종합 소매업,대형마트,2011-06-10,12월,한채양,http://emartcompany.com/ko/main.do,서울특별시
457190,이수스페셜티케미컬,KOSPI,기초 화학물질 제조업,석유화학제품 및 정밀화학제품,2023-05-31,12월,류승호,http://www.isuspecialtychemical.com,서울특별시
007660,이수페타시스,KOSPI,전자부품 제조업,"P.C.B(인쇄회로기판),M.L.B 제조",2003-10-07,12월,최창복,http://www.petasys.com,대구광역시
005950,이수화학,KOSPI,기초 화학물질 제조업,"등유,알킬벤젠,윤활유,노말파라핀 제조,도매",1988-04-28,12월,"김동민, 주봉진",http://www.isuchemical.co.kr,서울특별시
015020,이스타코,KOSPI,부동산 임대 및 공급업,부동산 분양/입시학원 운영,1988-12-23,12월,"김승제,김동현(각자대표)",http://www.e-starco.co.kr,서울특별시
093230,이아이디,KOSPI,기타 전문 도매업,"무선통신기기부품,전시용 핸드폰모형기(ADM) 제조",2007-11-01,12월,신정희,http://www.eid21.co.kr,경기도
074610,이엔플러스,KOSPI,일반 목적용 기계 제조업,소방자동차 제조,2003-12-23,12월,최용인,http://www.en3.co.kr,경기도
102460,이연제약,KOSPI,의약품 제조업,"항생제,순환기제",2010-06-10,12월,"정순옥, 유용환 (각자 대표이사)",http://reyonpharm.co.kr,서울특별시
084680,이월드,KOSPI,귀금속 및 장신용품 제조업,"놀이시설 운영,입장료,식음료 소매,부동산 임대",2005-07-26,12월,"방병순, 이수원",http://www.eworld.kr,대구광역시
350520,이지스레지던스리츠,KOSPI,부동산 임대 및 공급업,"부동산투자, 취득, 매매, 임대",2020-08-05,06월,이승환,http://igisresidencereit.com/,서울특별시
334890,이지스밸류리츠,KOSPI,부동산 임대 및 공급업,"부동산투자, 취득, 매매, 임대",2020-07-16,08월,도병운,http://www.igisvaluereit.com,서울특별시
000760,이화산업,KOSPI,기타 전문 도매업,"염료(반응성염료,분산염료,범용염료,직접염료,산성염료),염료화성품,합성수지,고무 도매,제조",1994-04-29,12월,홍성우,http://www.rifa.co.kr,서울특별시
014990,인디에프,KOSPI,봉제의복 제조업,"여성의류,남성의류,캐쥬얼웨어 제조",1989-06-20,12월,손수근,http://www.inthef.co.kr,서울특별시
101140,인바이오젠,KOSPI,기계장비 및 관련 물품 도매업,"신발,의류,스포츠용품 도매,제조",2008-04-02,12월,강지연,http://www.inbiogen.co.kr,서울특별시
006490,인스코비,KOSPI,전기 통신업,"시계,스마트그리드,도소매,소프트웨어개발",1985-01-17,12월,"유인수, 구자갑 (각자 대표이사)",http://www.inscobee.com,서울특별시
023800,인지컨트롤스,KOSPI,자동차 신품 부품 제조업,"자동차부품(터머스위치,터머스탯) 제조",1997-06-23,12월,"정구용, 정혜승 각자 대표이사",http://www.inzi.co.kr,경기도
034590,인천도시가스,KOSPI,연료용 가스 제조 및 배관공급업,도시가스 공급/가스설비공사,2006-11-07,12월,정진혁,http://www.icgas.co.kr,인천광역시
129260,인터지스,KOSPI,도로 화물 운송업,"화물운송,알선,하역",2011-12-16,12월,박동호,http://www.intergis.co.kr,부산광역시
023810,인팩,KOSPI,자동차 신품 부품 제조업,"자동차용 케이블,전자정보통신관련기기 제조,도매",2004-09-21,12월,"최웅선,최장돈",http://www.infac.com,서울특별시
249420,일동제약,KOSPI,의약품 제조업,"아로나민, 후루마린, 큐란, 라비에트, 사미온 등",2016-08-31,12월,윤웅섭,http://www.ildong.com,서울특별시
000230,일동홀딩스,KOSPI,의약품 제조업,"의약품 제조,도매",1975-06-28,12월,박대창,http://www.ildong.com,서울특별시
013360,일성건설,KOSPI,토목 건설업,"건축공사,토목공사,전기공사",1989-12-02,12월,유필상,http://www.ilsungconst.co.kr,경기도
003120,일성아이에스,KOSPI,의약품 제조업,"의약품(항생제,화학료법제,항바이러스,근이완제,영양액륜) 제조,판매",1985-01-14,12월,윤석근,http://www.ilsung-ph.co.kr,서울특별시
003200,일신방직,KOSPI,방적 및 가공사 제조업,"면사,P/C혼방사,P/C혼방직물,화섬사 제조,수출",1973-05-23,12월,김정수,http://www.ilshin.co.kr,서울특별시
007110,일신석재,KOSPI,"건축자재, 철물 및 난방장치 도매업","건축석 제조,도소매/석공예,석공사",1986-03-04,12월,공동대표이사 조용철 공동대표이사 이용재,http://www.ilshinstone.co.kr,서울특별시
007570,일양약품,KOSPI,의약품 제조업,"일반의약품(원비디,영비천,아진탈,디세텔,노루모산),항암제(베타-이뮤난),전문의약품 제조,판매,수출입",1974-08-28,12월,"김동연, 정유석",http://www.ilyang.co.kr,경기도
007575,일양약품우,KOSPI,,,,,,,
008500,일정실업,KOSPI,편조원단 제조업,"자동차시트원단,의류,완구직물 제조,염색가공",1994-08-12,12월,"고동수, 최돈호",http://www.iljeong.co.kr,경기도
081000,일진다이아,KOSPI,기타 화학제품 제조업,"공업용 합성다이아몬드 제조,도매,수출입",2004-12-22,12월,이무영,http://www.iljindiamond.co.kr,충청북도
020760,일진디스플,KOSPI,반도체 제조업,"박막액정표시장치(TFT-LCD) 패널,LT(리튬탄탈에이트)웨이퍼,분말야금제품(초고압용공구),보석다이아몬드 제조,판매/종합건설",2002-01-09,12월,이우종,http://www.iljindisplay.co.kr,충청북도
103590,일진전기,KOSPI,절연선 및 케이블 제조업,,2008-08-01,12월,"황수, 유상석(각자 대표이사)",,경기도
271940,일진하이솔루스,KOSPI,그외 기타 운송장비 제조업,"수소승용용기, 매연저감장치 등",2021-09-01,12월,양성모,http://hysolus.co.kr,전북특별자치도
015860,일진홀딩스,KOSPI,기타 금융업,"전기산업용기기(개폐기,차단기,배전반),자동화시스템,자동차엔진부품,절연전선,금구류,고압선,저압선 제조,판매/전기공사,가스절연차단기",1990-03-22,12월,허정석,http://www.iljin.co.kr,경기도
226320,잇츠한불,KOSPI,기타 화학제품 제조업,"스킨케어 베이직, 포인트 메이크업, 스킨케어 스페셜, 베이스 메이크업 등",2015-12-28,12월,임진성,http://www.itshanbul.com,서울특별시
317400,자이에스앤디,KOSPI,부동산 임대 및 공급업,"부동산 관리, 정보통신 공사, 아파트 AS 및 옵션 제품 공급, 건축물 시공 및 분양",2019-11-06,12월,엄관석,http://www.xisnd.com/,서울특별시
033240,자화전자,KOSPI,전자부품 제조업,"Bonded magenet,플라스틱자성제품,티탄산 바륨계 반도체소자,휴대전화용 Vibration Motor,전자관,전자부품 제조",1999-01-06,12월,"김상면, 김찬용(각자대표)",http://www.jahwa.co.kr,충청북도
000950,전방,KOSPI,방적 및 가공사 제조업,"면사,면혼방사,마혼방사,화섬사,염색사,자수사,소모사,면직물,면혼방직물,화섬직물,특수가공직물 제조,판매,수출",1968-10-21,12월,조덕현,http://www.chonbang.co.kr,서울특별시
079900,전진건설로봇,KOSPI,특수 목적용 기계 제조업,콘크리트 펌프카,2024-08-19,12월,고현국,,충청북도
348950,제이알글로벌리츠,KOSPI,부동산 임대 및 공급업,벨기에 파이낸스 타워,2020-08-07,06월,오남수,http://jrglobalreit.com,서울특별시
194370,제이에스코퍼레이션,KOSPI,"가죽, 가방 및 유사제품 제조업",핸드백 및 지갑,2016-02-04,12월,홍재성,http://www.jskor.com,서울특별시
025620,제이준코스메틱,KOSPI,기타 화학제품 제조업,화장품 제조 판매,1995-07-08,12월,고병철,http://www.jayjun.kr,서울특별시
030000,제일기획,KOSPI,광고업,"광고 대행/광고물,영화 제작,인쇄,출판",1998-03-03,12월,김종현,http://www.cheil.co.kr,서울특별시
271980,제일약품,KOSPI,의약품 제조업,의약품,2017-07-17,12월,성석제,http://www.jeilpharm.co.kr,서울특별시
001560,제일연마,KOSPI,기타 비금속 광물제품 제조업,"연마석,다이아몬드공구 제조,도소매/주택건설",2005-12-09,12월,"오유인, 오현수, 추헌주 (각자 대표)",http://www.grinding.co.kr,경상북도
002620,제일파마홀딩스,KOSPI,회사 본부 및 경영 컨설팅 서비스업,"의약품(타리비드,제일파프,노엘,푸라솔) 제조,도매",1988-01-20,12월,한상철,http://www.jeilpharm.co.kr,서울특별시
006220,제주은행,KOSPI,은행 및 저축기관,"은행업무,외국환업무,신탁업무",1972-12-28,12월,박우혁,http://www.e-jejubank.com,제주특별자치도
089590,제주항공,KOSPI,항공 여객 운송업,"여객운송서비스, 화물운송서비스",2015-11-06,12월,김이배,http://www.jejuair.net,제주특별자치도
004910,조광페인트,KOSPI,기타 화학제품 제조업,"도료(우레탄,에나멜,락카,특수도료) 제조,도매",1976-12-27,12월,양성아,http://www.chokwangpaint.co.kr,부산광역시
004700,조광피혁,KOSPI,"가죽, 가방 및 유사제품 제조업","가죽(피혁원단,제화용원단,카시트용원단),가방,신발 제조,도매",1977-05-27,12월,이연석,http://www.chokwang.co.kr,충청북도
001550,조비,KOSPI,"비료, 농약 및 살균, 살충제 제조업","복합비료(연초용,수도용,시판용,특수작물용),양액재배용 비료,완효성 비료,부직포 제조,무역",1976-12-28,12월,이승연,http://www.chobi.co.kr,서울특별시
462520,조선내화,KOSPI,"내화, 비내화 요업제품 제조업",내화 요업제품,2023-07-28,12월,최광철,,전라남도
120030,조선선재,KOSPI,기타 금속 가공제품 제조업,용접재료,2010-02-19,12월,장원영,http://www.chosunwelding.com,경상북도
018470,조일알미늄,KOSPI,1차 비철금속 제조업,"알루미늄판 제조,도매",1988-11-22,12월,"이영호,성원모",http://www.choilal.co.kr,경상북도
002600,조흥,KOSPI,기타 식품 제조업,"휘핑크림,인스턴트이스트,프루츠칵테일,크림치즈,견과류,건조과일 제조,판매/주택 신축,판매",1976-12-23,12월,함영제,http://www.choheung.co.kr,경기도
185750,종근당,KOSPI,의약품 제조업,"딜라트렌,리피로우",2013-12-06,12월,김영주,http://www.ckdpharm.com,서울특별시
063160,종근당바이오,KOSPI,의약품 제조업,"의약품,원료의약품 제조",2001-12-11,12월,박완갑,http://www.ckdbio.com,서울특별시
001630,종근당홀딩스,KOSPI,의약품 제조업,"의약품(항생제,위궤양치료제,장기이식면역억제제,고지혈증치료제(로바이드)) 제조,도매",1976-06-30,12월,최희남,http://www.ckd-holdings.com,서울특별시
109070,주성코퍼레이션,KOSPI,통신 및 방송 장비 제조업,"ICS중계기, 블랙박스",2009-03-17,12월,허용호,http://www.joosungcorp.com,충청남도
044380,주연테크,KOSPI,컴퓨터 및 주변장치 제조업,"각종컴퓨터,주변기기 제조/소프트웨어 개발",2006-11-15,12월,김희라,http://www.jooyon.co.kr,서울특별시
013890,지누스,KOSPI,가구 제조업,매트리스 및 가구제품,2019-10-30,12월,윤종원,http://www.zinus.co.kr,경기도
013870,지엠비코리아,KOSPI,자동차 신품 부품 제조업,"VS, TIB, CVJoint 등",2012-11-20,12월,"정세영, 송병영",http://www.gmb.co.kr,경상남도
071320,지역난방공사,KOSPI,"증기, 냉·온수 및 공기조절 공급업","집단에너지공급 및 전기,증기 생산,판매",2010-01-29,12월,정용기,http://www.kdhc.co.kr,경기도
088790,진도,KOSPI,기타 전문 도매업,"모피제품 제조,가공",2006-03-28,12월,임병남,http://www.jindofand.co.kr,서울특별시
003780,진양산업,KOSPI,플라스틱제품 제조업,"합성수지,폴리우레탄스폰지 제조,도매,수출입",1973-06-26,12월,"조영태,최원석(각자대표이사)",http://www.cyc1963.com,경상남도
010640,진양폴리,KOSPI,플라스틱제품 제조업,"폴리우레탄,폴리우레탄스폰지 제조,판매",1989-09-30,12월,조영태,http://www.chinyangpoly.kr,경기도
100250,진양홀딩스,KOSPI,플라스틱제품 제조업,"투자,경영컨설팅",2008-02-15,12월,"양준영, 최창호(각자대표이사)",http://cyholdings.kr,부산광역시
051630,진양화학,KOSPI,플라스틱제품 제조업,"레쟈,바닥재 제조",2001-01-29,12월,조영태,http://www.chinyang.co.kr,울산광역시
272450,진에어,KOSPI,항공 여객 운송업,"여객, 화물 등 항공운송",2017-12-08,12월,박병률,http://www.jinair.com,서울특별시
011000,진원생명과학,KOSPI,의약품 제조업,플라스미드,1987-11-16,12월,박영근,http://www.genels.com,서울특별시
002780,진흥기업,KOSPI,토목 건설업,"아파트건설,토목공사,건축공사,국내도급공사",1977-06-25,12월,김태균,http://www.chinhung.co.kr,인천광역시
002787,진흥기업2우B,KOSPI,,,,,,,
002785,진흥기업우B,KOSPI,,,,,,,
009310,참엔지니어링,KOSPI,특수 목적용 기계 제조업,FPD Laser Repair 장비 등 (FPD 장비의 개발과 제조 및 판매),1987-11-12,12월,이경희,http://www.charmeng.com,경기도
000650,천일고속,KOSPI,육상 여객 운송업,"고속버스운수(경부선,44개 노선),도로여객운수업,운수창고업,유류판매,부동산 임대",1977-06-23,12월,박도현,http://www.chunilexpress.com,부산광역시
012600,청호ICT,KOSPI,일반 목적용 기계 제조업,"금융단말기(현금자동입출금기,온라인단말기),통신기기 제조,판매",1990-07-10,12월,조중환 대표이사,http://www.chunghoict.com,경기도
033250,체시스,KOSPI,자동차 신품 부품 제조업,"자동차부품,뒷차축 제조",1999-08-11,12월,"이명곤, 김성광(각자대표이사)",http://www.chasys.com,경상북도
035720,카카오,KOSPI,"자료처리, 호스팅, 포털 및 기타 인터넷 정보매개 서비스업",인터넷 서비스(인터넷 광고),2017-07-10,12월,정신아,http://www.kakaocorp.com,제주특별자치도
323410,카카오뱅크,KOSPI,은행 및 저축기관,은행 및 금융서비스,2021-08-06,12월,윤호영,,경기도
377300,카카오페이,KOSPI,금융 지원 서비스업,"간편결제, 간편송금 및 기타 금융서비스",2021-11-03,12월,신원근,http://www.kakaopay.com,경기도
006380,카프로,KOSPI,기초 화학물질 제조업,"카프로락탐,유안비료 제조",1974-05-28,12월,박성명,http://www.hcccapro.co.kr,서울특별시
001620,케이비아이동국실업,KOSPI,자동차 신품 부품 제조업,"자동차부품(에어닥트,글로벌박스,노즐,어셈블리류,핸들류) 제조,판매/공장 임대",1990-09-15,12월,김용희,http://kbidongkook.com,서울특별시
029460,케이씨,KOSPI,"측정, 시험, 항해, 제어 및 기타 정밀기기 제조업; 광학기기 제외",가스/Chemical 공급 장치 등 제조 및 판매,1997-11-25,12월,"고상걸, 권홍빈(각자대표이사)",http://www.kct.co.kr,경기도
281820,케이씨텍,KOSPI,"측정, 시험, 항해, 제어 및 기타 정밀기기 제조업; 광학기기 제외","반도체, 디스플레이 제조 장비",2017-12-05,12월,"양호근, 최동규 (각자 대표이사)",http://www.kctech.co.kr,경기도
381970,케이카,KOSPI,자동차 판매업,오프라인 및 온라인 중고차 매매업,2021-10-13,12월,정인국,http://www.kcar.com,서울특별시
145270,케이탑리츠,KOSPI,부동산 임대 및 공급업,부동산 임대,2012-01-31,12월,"이명식, 조현만(각자대표이사)",http://www.ktopreits.co.kr,서울특별시
417310,코람코더원리츠,KOSPI,부동산 임대 및 공급업,서울 영등포구 여의도 소재 하나금융투자 빌딩,2022-03-28,02월,서길석,http://koramcothe1.com,서울특별시
357120,코람코라이프인프라리츠,KOSPI,부동산 임대 및 공급업,부동산 투자 및 관리,2020-08-31,11월,이성균,http://www.koramcoenergyplus.co.kr,서울특별시
007815,코리아써우,KOSPI,,,,,,,
007810,코리아써키트,KOSPI,전자부품 제조업,"인쇄회로기판,Module 제조/부동산(건물) 임대",1985-09-09,12월,장세준,http://www.kcg.co.kr,경기도
00781K,코리아써키트2우B,KOSPI,,,,,,,
003690,코리안리,KOSPI,재 보험업,금융보험/부동산 임대,1969-12-22,12월,원종규,http://www.koreanre.co.kr,서울특별시
192820,코스맥스,KOSPI,기타 화학제품 제조업,화장품,2014-04-07,12월,"최경, 이병주",http://www.cosmax.com,경기도
044820,코스맥스비티아이,KOSPI,기타 금융업,"화장품,의약부외품 제조,도매",2006-11-13,12월,"이병만, 이병주",http://www.cosmax.com,경기도
005070,코스모신소재,KOSPI,기타 화학제품 제조업,"이차전지양극활물질,기능성필름",1987-09-28,12월,홍동환,http://www.cosmoamt.com,충청북도
005420,코스모화학,KOSPI,기타 화학제품 제조업,"이산화티타늄 및 부산물, 황산코발트 및 부산물",1987-07-23,12월,안성덕,http://www.cosmochem.co.kr,서울특별시
071950,코아스,KOSPI,가구 제조업,"사무용가구,금속가구 도매,제조",2005-08-04,12월,민경중,http://www.ikoas.com,서울특별시
002020,코오롱,KOSPI,기타 금융업,지주회사,1975-06-23,12월,"안병덕, 이규호",http://www.kolon.com,경기도
138490,코오롱ENP,KOSPI,합성고무 및 플라스틱 물질 제조업,엔지니어링플라스틱,2011-06-15,12월,허성,http://www.kolonenp.com,경상북도
003070,코오롱글로벌,KOSPI,토목 건설업,"토목공사,일반건설,주택건설,해외건설,소각로설비공사/환경플랜트,폐처리기 제조",1978-09-15,12월,김정일,http://www.kolonglobal.com,경기도
003075,코오롱글로벌우,KOSPI,,,,,,,
450140,코오롱모빌리티그룹,KOSPI,자동차 판매업,수입자동차 유통 및 정비업,2023-01-31,12월,전철원,http://www.kolonmobilitygroup.com/,경기도
45014K,코오롱모빌리티그룹우,KOSPI,,,,,,,
002025,코오롱우,KOSPI,,,,,,,
120110,코오롱인더,KOSPI,화학섬유 제조업,"산업자재, 화학, 필름",2010-02-01,12월,"김영범, 유석진",http://www.kolonindustries.com/,서울특별시
120115,코오롱인더우,KOSPI,,,,,,,
021240,코웨이,KOSPI,그외 기타 개인 서비스업,"렌탈 서비스(정수기,비데, 필터교환 등), 가정용기기 도매,판매,제조,폐기물처리설비,수출(정수기,청정기)",2001-08-07,12월,서장원,http://company.coway.com,충청남도
036420,콘텐트리중앙,KOSPI,"영화, 비디오물, 방송프로그램 제작 및 배급업","영화 및 방송프로그램 제작, 유통, 광고",2019-10-18,12월,"남중권, 홍정인(각자대표)",http://www.jcontentree.com/,서울특별시
024720,콜마홀딩스,KOSPI,기타 금융업,"경영컨설팅,무역,과학및기술서비스업,도매",2002-04-09,12월,윤상현,http://www.kolmarholdings.co.kr,세종특별자치시
031820,콤텍시스템,KOSPI,"컴퓨터 프로그래밍, 시스템 통합 및 관리업","시스템(네트웍) 구축/데이터통신장비(모뎀,먹스),종합네트워크시스템 제조,설치,유지보수",1997-02-12,12월,권창완,http://www.comtec.co.kr,서울특별시
192400,쿠쿠홀딩스,KOSPI,기타 금융업,주방용 전기기기 제조업,2014-08-06,12월,구본학,http://www.cuckoo.co.kr,경상남도
284740,쿠쿠홈시스,KOSPI,개인 및 가정용품 임대업,"정수기, 공기청정기 등",2018-01-11,12월,구본학,"http://www,cuckoo.co.kr",경기도
264900,크라운제과,KOSPI,"떡, 빵 및 과자류 제조업","비스킷, 스낵, 당과",2017-04-11,12월,윤석빈,http://www.crown.co.kr,서울특별시
26490K,크라운제과우,KOSPI,,,,,,,
005740,크라운해태홀딩스,KOSPI,기타 금융업,"비스켓,쵸코렛,사탕,웨이퍼 제조,도매",1976-06-30,12월,윤석빈,http://www.crown.co.kr,서울특별시
005745,크라운해태홀딩스우,KOSPI,,,,,,,
259960,크래프톤,KOSPI,소프트웨어 개발 및 공급업,<배틀그라운드> 등 게임 소프트웨어,2021-08-10,12월,김창한,http://www.krafton.com,서울특별시
020120,키다리스튜디오,KOSPI,"자료처리, 호스팅, 포털 및 기타 인터넷 정보매개 서비스업","만화, 소설 등 콘텐츠 제작 및 유통, 판매, 컴퓨터 프로그래밍, 시스템 통합 및 관리업",1996-07-03,12월,허흥범,http://www.kidaristudio.com,서울특별시
039490,키움증권,KOSPI,금융 지원 서비스업,"유가증권의 매매, 위탁, 인수, 주선",2009-08-03,12월,엄주성,http://www.kiwoom.com,서울특별시
014580,태경비케이,KOSPI,"시멘트, 석회, 플라스터 및 그 제품 제조업","생석회,소석회,석회비료 제조,판매/비금속광물 광업/산업폐기물 재생처리/휴게소 운영",1991-03-07,12월,"김민정,정구일 (각자 대표이사)",http://www.bkmp.co.kr,서울특별시
015890,태경산업,KOSPI,기초 화학물질 제조업,"제강용 정련제(프락스),카바이드,중질탈산칼슘 제조,판매/고속도로휴게소 운영",1996-01-30,12월,"김해련, 박충기, 김민정 (각자 대표이사)",http://www.taekyung.co.kr,서울특별시
006890,태경케미컬,KOSPI,기초 화학물질 제조업,"드라이아이스,액체탄산,고체탄산 제조",2003-01-28,12월,박기환,http://www.taekyungchem.co.kr,서울특별시
003240,태광산업,KOSPI,화학섬유 제조업,"석유화학제품(PTA,AN),화섬사,직물 등",1975-12-27,12월,"성회용, 오용근(공동 대표이사)",http://www.taekwang.co.kr,서울특별시
011280,태림포장,KOSPI,"골판지, 종이 상자 및 종이용기 제조업","골판지,골판지상자,수출용박스 제조,도매/인쇄",1988-12-20,12월,이복진,http://www.tailim.com,경기도
004100,태양금속,KOSPI,자동차 신품 부품 제조업,"자동차용 강력볼트,너트,전기전자제품용 나사,자전거부품,전해동박,도금도장설비 제조",1976-05-25,12월,한우삼. 한하워드성(각자 대표이사),http://www.taeyangmetal.com,경기도
004105,태양금속우,KOSPI,,,,,,,
009410,태영건설,KOSPI,토목 건설업,"종합건설업(토목공사,도로공사,건축공사,관급공사,환경공사,상하수도공사,하수종말처리공사)/부동산 임대,매매",1989-11-13,12월,"최금락, 최진국 (각자대표)",http://www.taeyoung.com,경기도
009415,태영건설우,KOSPI,,,,,,,
001420,태원물산,KOSPI,자동차 신품 부품 제조업,"자동차부품,워터펌프,인산정제석고,건축자재(불연내장재), 제조,수출입",1975-06-24,12월,남기영,http://www.twms.co.kr,서울특별시
055490,테이팩스,KOSPI,플라스틱제품 제조업,"OCA, 2차전지용 테이프, 산업용 랩 등",2017-10-31,12월,김상구,http://tapex.co.kr,경기도
078000,텔코웨어,KOSPI,"자료처리, 호스팅, 포털 및 기타 인터넷 정보매개 서비스업","소프트웨어(핵심망솔루션,무선데이터솔루션,요소기술) 개발,유지보수,무역",2004-07-20,12월,금한태,http://www.telcoware.com,서울특별시
214420,토니모리,KOSPI,기타 화학제품 제조업,"스킨케어 베이직, 포인트 메이크업, 스킨케어 스페셜, 베이스 메이크업 등",2015-07-10,12월,김승철,http://www.tonysteet.com,서울특별시
019180,티에이치엔,KOSPI,기타 전기장비 제조업,"자동차부품(전기배선장치류) 제조,도매",1996-07-31,12월,"이광연, 채승훈",http://www.th-net.co.kr,대구광역시
363280,티와이홀딩스,KOSPI,기타 금융업,지주사업,2020-09-22,12월,윤세영,http://www.ty-holdings.co.kr,서울특별시
36328K,티와이홀딩스우,KOSPI,,,,,,,
091810,티웨이항공,KOSPI,항공 여객 운송업,저가 항공운송,2018-08-01,12월,정홍근,http://www.twayair.com,대구광역시
004870,티웨이홀딩스,KOSPI,"시멘트, 석회, 플라스터 및 그 제품 제조업","레미콘,콘크리트파일,완구 제조/미니어쳐테마파크 운영",1977-06-30,12월,황정현,http://www.twayholdings.com,서울특별시
034230,파라다이스,KOSPI,유원지 및 기타 오락관련 서비스업,"카지노, 호텔, 복합리조트",2024-06-24,12월,"최종환, 최성욱",http://www.paradise.co.kr/ko/main,서울특별시
005690,파미셀,KOSPI,기초 의약물질 제조업,"줄기세포치료제,화장품",1988-05-20,12월,김현수,http://www.pharmicell.com,서울특별시
036580,팜스코,KOSPI,"곡물가공품, 전분 및 전분제품 제조업","배합사료 제조,도매",1999-10-25,12월,김남욱,http://www.farmsco.com,경기도
004720,팜젠사이언스,KOSPI,의약품 제조업,의약품 외,1990-06-15,12월,김혜연 박희덕(각자),http://www.pharmgenscience.com,경기도
028670,팬오션,KOSPI,해상 운송업,"해상화물운송(외항,운수보관)",2007-09-21,12월,"김홍국, 안중호(각자 대표이사)",http://www.panocean.com,서울특별시
010820,퍼스텍,KOSPI,무기 및 총포탄 제조업,"방위산업제품,프린터,불소화합물,자동차용 매트 제조/얼굴인식시스템 개발",1989-05-10,12월,손경석,http://www.firsteccom.co.kr,경상남도
016800,퍼시스,KOSPI,가구 제조업,"사무용 가구,의자,책상,캐비넷 제조",1996-12-24,12월,"배상돈,박광호",http://www.fursys.co.kr,서울특별시
001020,페이퍼코리아,KOSPI,"펄프, 종이 및 판지 제조업","제지(신문용지,중질지),합판 제조,건설,석유류 판매",1976-06-26,12월,권육상,http://www.papercorea.co.kr,전북특별자치도
090080,평화산업,KOSPI,자동차 신품 부품 제조업,"자동차부품(방진고무,방류고무(COVER류,CUP류),호스류),장비시설용 부품 제조,판매",2006-06-02,12월,"황순용, 김주영",http://www.ph.co.kr,대구광역시
010770,평화홀딩스,KOSPI,자동차 신품 부품 제조업,지주회사,1986-03-31,12월,"황순용, 김주영",http://www.phhc.co.kr,대구광역시
022100,포스코DX,KOSPI,"건축기술, 엔지니어링 및 관련 기술 서비스업",EIC 자동화 엔지니어링 및 IT서비스,2024-01-02,12월,정덕균,http://www.poscodx.com/kor/,경상북도
058430,포스코스틸리온,KOSPI,1차 철강 제조업,"용융아연도금강판,용융알루미늄도금강판,칼라도장강판,냉연강판 가공,제조,도매",2002-08-16,12월,대표이사 사장 김봉철,http://www.poscocnc.com,경상북도
047050,포스코인터내셔널,KOSPI,상품 중개업,"영업활동의 주요 품목으로 에너지 사업내 천연가스 발전, 태양력, 풍력, 수소 등이 있으며, 트레이딩 사업은 철강 및 철강원료, 이차전지소재, 곡물, 유지, 면방, 바이오플라스틱, 친환경차부품, 인프라 및 산업 플랜트 등이 있음.",2001-03-23,12월,대표이사 사장 이계인,http://www.poscointl.com,서울특별시
003670,포스코퓨처엠,KOSPI,일차전지 및 이차전지 제조업,"내화물, 생석회, 음극재 및 양극재",2019-05-29,12월,유병옥,http://www.poscofuturem.com,경상북도
017810,풀무원,KOSPI,기타 식품 제조업,"두부류,생면류,나물류,냉동류,조미류,김치류,묵류,녹즙,과채음료,건강보조식품 판매,제조,생식품 수출",1995-10-05,12월,이우봉,http://www.pulmuone.co.kr,충청북도
103140,풍산,KOSPI,1차 비철금속 제조업,,2008-07-30,12월,"류진, 박우동",http://www.poongsan.co.kr,경기도
005810,풍산홀딩스,KOSPI,기타 금융업,"동판제,대,관,봉,선,소전,동파이프 제조,도매,무역",1988-07-28,12월,"류진, 박우동",http://www.poongsanhc.co.kr,인천광역시
950210,프레스티지바이오파마,KOSPI,자연과학 및 공학 연구개발업,바이오시밀러 및 항체의약품 신약,2021-02-05,06월,박소연,http://www.prestigebiopharma.com,싱가포르
009810,플레이그램,KOSPI,기타 전문 도매업,"MRO, 영상콘텐츠",1988-08-31,12월,"김재욱, 선영",http://www.playgram.co.kr,서울특별시
086790,하나금융지주,KOSPI,기타 금융업,기타 금융,2005-12-12,12월,함영주,http://www.hanafn.com,서울특별시
293480,하나제약,KOSPI,의약품 제조업,완제의약품,2018-10-02,12월,최태홍,http://www.hanaph.co.kr,경기도
039130,하나투어,KOSPI,여행사 및 기타 여행보조 서비스업,"일반여행알선,컴퓨터프로그램 개발,보급,통신판매",2011-11-01,12월,송미선,http://www.hanatour.com,서울특별시
352820,하이브,KOSPI,오디오물 출판 및 원판 녹음업,"음악 기획/제작, 퍼블리싱, 아티스트 매니지먼트",2020-10-15,12월,이재상,http://hybecorp.com,서울특별시
071090,하이스틸,KOSPI,1차 철강 제조업,"강관 제조,도매",2003-02-17,12월,엄정근,http://www.histeel.co.kr,충청남도
019490,하이트론,KOSPI,영상 및 음향기기 제조업,"영상음향기기(보안시스템,CCTV용 모니터,CRT,화상회의시스템),정보통신기기 제조",1998-11-04,12월,유앤디,http://www.hitron.co.kr,경기도
000080,하이트진로,KOSPI,알코올음료 제조업,"맥주, 소주",2009-10-19,12월,김인규,http://www.hitejinro.com,서울특별시
000087,하이트진로2우B,KOSPI,,,,,,,
000140,하이트진로홀딩스,KOSPI,기타 금융업,지주회사,1973-09-19,12월,김인규,http://www.hitejinroholdings.com,서울특별시
000145,하이트진로홀딩스우,KOSPI,,,,,,,
152550,한국ANKOR유전,KOSPI,신탁업 및 집합투자업,,2012-03-08,03월,한국투자리얼에셋운용,,서울특별시
036460,한국가스공사,KOSPI,연료용 가스 제조 및 배관공급업,"액화천연가스 공급,제조,도매,개발",1999-12-15,12월,최연혜,http://www.kogas.or.kr,대구광역시
005430,한국공항,KOSPI,기타 운송관련 서비스업,"항공기 지상조업,항공화물 상하역,장비대여,항공용역사업,항공기급유,항공화물 취급,보관,부정기헬기운송,여행알선,광업,먹는샘물 제조,농축산업",1976-12-28,12월,이수근,http://www.kas.co.kr,서울특별시
071050,한국금융지주,KOSPI,기타 금융업,금융지주회사,2003-07-21,12월,김남구,http://www.koreaholdings.com,서울특별시
071055,한국금융지주우,KOSPI,,,,,,,
010040,한국내화,KOSPI,"내화, 비내화 요업제품 제조업","내화벽돌,내화몰탈,축로등 제조,판매",2000-10-16,12월,변성희,http://www.fskrc.co.kr,충청남도
025540,한국단자,KOSPI,"전동기, 발전기 및 전기 변환 · 공급 · 제어 장치 제조업","전기변환장치(광커넥터,통신용콘넥터,정밀압착단자설계) 제조,무역(수출)",1996-10-16,12월,"이창원,이원준",http://www.ket.com,인천광역시
010100,한국무브넥스,KOSPI,자동차 신품 부품 제조업,"자동차부품(제동,구동장치),프랜지(관이음쇠),철구조물,산업기계 제조",1987-10-02,12월,이현덕,http://www.koreamovenex.com,울산광역시
004090,한국석유,KOSPI,기타 비금속 광물제품 제조업,"석유류제품(솔벤트,부로운아스팔트,방수시트몰터프라스,메타놀,빙초산) 제조,도소매/부동산 임대",1977-06-25,12월,"강승모,김득보(각자 대표이사)",http://www.koreapetroleum.com,서울특별시
002200,한국수출포장,KOSPI,"골판지, 종이 상자 및 종이용기 제조업","골판지상자,골판지원지 제조,판매",1974-06-28,12월,대표이사 회장 허용삼 대표이사 사장 허정훈(각자대표이사),http://www.keppack.co.kr,서울특별시
002960,한국쉘석유,KOSPI,석유 정제품 제조업,"윤활유,그리스 제조,도매",1988-08-10,12월,이승봉,http://www.shell.co.kr,부산광역시
000240,한국앤컴퍼니,KOSPI,기타 금융업,비금융지주회사,1968-12-27,12월,"조현범, 안종선(각자 대표이사)",http://www.hankook-technologygroup.com,경기도
123890,한국자산신탁,KOSPI,신탁업 및 집합투자업,"부동산 신탁 서비스, REITs",2016-07-13,12월,김규철,http://www.kait.com,서울특별시
015760,한국전력,KOSPI,전기업,"전력자원개발,발전,송전,전력용기자재확보",1989-08-10,12월,김동철,http://www.kepco.co.kr,전라남도
006200,한국전자홀딩스,KOSPI,기타 금융업,"시장조사,경영컨설팅",1979-11-30,12월,박 명 덕,http://www.kecholdings.co.kr,서울특별시
027970,한국제지,KOSPI,"펄프, 종이 및 판지 제조업","백판지,마니라판지,지류,하수처리기계 제조/상하수도설비공사,수질오염방지시설공사",1996-07-03,12월,안재호,http://www.seha.co.kr,울산광역시
023350,한국종합기술,KOSPI,"건축기술, 엔지니어링 및 관련 기술 서비스업","토목설계,건축설계,감리,측량/토목건축공사",2011-04-28,12월,김치헌,http://www.kecc.co.kr,경기도
025890,한국주강,KOSPI,특수 목적용 기계 제조업,"주강,주물 제조,도매",1997-07-18,12월,하만규,http://www.hascokorea.co.kr,경상남도
000970,한국주철관,KOSPI,1차 철강 제조업,"수도용주철관,강관 제조",1969-12-12,12월,"김태형, 이창훈, 김영훈 (각자대표제)",http://www.kcip.co.kr,부산광역시
104700,한국철강,KOSPI,1차 철강 제조업,철근. 단조강. 파이프,2008-09-29,12월,"문종인, 이수하 (각자대표)",http://www.kisco.co.kr,경상남도
017960,한국카본,KOSPI,"구조용 금속제품, 탱크 및 증기발생기 제조업","탄소섬유(카본프리프레그(낚시대,테니스라켓,골프 Shaft,스포츠레저용품)),합성수지,글라스페이퍼,LNG선박용 단열판넬 제조,도매",1995-07-08,12월,"조문수, 이명화 공동대표이사",http://www.hcarbon.com,경상남도
161890,한국콜마,KOSPI,기타 화학제품 제조업,"화장품, 의약품",2012-10-19,12월,최현규,http://https://www.kolmar.co.kr/,세종특별자치시
161390,한국타이어앤테크놀로지,KOSPI,고무제품 제조업,타이어 제조,2012-10-04,12월,이수일,http://www.hankooktire.com,경기도
034830,한국토지신탁,KOSPI,신탁업 및 집합투자업,부동산신탁 등,2016-07-11,12월,최윤성,http://www.koreit.co.kr,서울특별시
007280,한국특강,KOSPI,1차 철강 제조업,"철강압연제품(앵글,이형형강,평철,환봉) 제조,판매",1989-11-13,12월,박성우,http://www.ekosco.com,경상남도
168490,한국패러랠,KOSPI,신탁업 및 집합투자업,,2013-04-19,03월,한국투자리얼에셋운용,,서울특별시
047810,한국항공우주,KOSPI,"항공기,우주선 및 부품 제조업","정부방산 및 완제기 수출(T-50계열, KUH계열, KT-1계열 등), 기체부품",2011-06-30,12월,강구영,http://www.koreaaero.com,경상남도
123690,한국화장품,KOSPI,생활용품 도매업,화장품,2010-06-01,12월,이용준,http://www.ihkcos.co.kr,서울특별시
003350,한국화장품제조,KOSPI,기타 화학제품 제조업,"화장품(OEM,ODM)",1978-02-06,12월,이용준,http://www.hkcosm.com,서울특별시
011500,한농화성,KOSPI,기타 화학제품 제조업,"계면활성제,글리콜에테르 제조,판매",2003-01-09,12월,"김응상, 경상호 (각자대표)",http://hannong.koreasme.com,전북특별자치도
002390,한독,KOSPI,의약품 제조업,"의약품(소화제,크라포란,라식스)제조,도매,부동산 임대",1976-06-30,12월,"김영진, 백진기",http://www.handok.co.kr,서울특별시
053690,한미글로벌,KOSPI,"건축기술, 엔지니어링 및 관련 기술 서비스업","건축 설계,감리/건축공사,토목공사,설비공사,전기공사,안전공사",2009-06-23,12월,"윤요현, 박서영",http://www.hanmiparsons.com,서울특별시
042700,한미반도체,KOSPI,특수 목적용 기계 제조업,"반도체 후공정장비,반도체금형 제조/부동산 매매,임대",2005-07-22,12월,곽동신,http://www.hanmisemi.com,인천광역시
008930,한미사이언스,KOSPI,기타 금융업,"항생제(세포탁심,세포트리악손),유산균정장제(메디락비타,메디락베베),위장관운동조절개선제(설프라이드),고혈압치료제(유니바스크),원료의약품,식품 제조,판매",1988-06-20,12월,임종훈(단독 대표이사),http://www.hanmiscience.co.kr,경기도
128940,한미약품,KOSPI,의약품 제조업,의약품,2010-07-30,12월,박재현,,경기도
009240,한샘,KOSPI,생활용품 도매업,"주방가구(씽크대),인테리어가구 판매,제조/주택신축판매",2002-07-16,12월,김유진(대표집행임원),http://company.hanssem.com,경기도
020000,한섬,KOSPI,봉제의복 제조업,"여성의류,금속 액세서리,신발,가방,선글라스 제조,판매",1996-07-03,12월,김민덕,http://www.handsome.co.kr,서울특별시
003680,한성기업,KOSPI,수산물 가공 및 저장 처리업,"냉동식품,햄제품 제조,도매,보관/원양어업",1989-01-26,12월,"임우근,임준호(각자대표)",http://www.hsep.com,부산광역시
105630,한세실업,KOSPI,봉제의복 제조업,의류 완제품,2009-03-20,12월,"김익환, 김경",http://www.hansae.com,서울특별시
069640,한세엠케이,KOSPI,"섬유, 의복, 신발 및 가죽제품 소매업","케주얼웨어(BUCKAROO, TBJ 등)",2011-06-21,12월,"김지원, 임동환(각자 대표이사)",http://www.mktrend.co.kr,서울특별시
016450,한세예스24홀딩스,KOSPI,봉제의복 제조업,"의류(니트) 제조,도소매,원단 제조,부동산 임대",2000-01-06,12월,"김동녕, 김석환(각자 대표이사)",http://www.hansaeyes24.com,서울특별시
010420,한솔PNS,KOSPI,기타 전문 도매업,"정보시스템구축 및 유지보수, 포장재제조 및 가공, 지류가공 및 판매",1989-05-31,12월,"홍성민, 김형준(각자대표)",http://www.hansolpns.com,서울특별시
009180,한솔로지스틱스,KOSPI,기타 운송관련 서비스업,"지류펄프 보관창고 운영/화물취급,화물운송알선,물류컨설팅/종합쇼핑몰운영,통신판매,인터넷백화점",1989-11-13,12월,고정한,http://www.hansollogistics.com,서울특별시
213500,한솔제지,KOSPI,"펄프, 종이 및 판지 제조업","인쇄용지, 산업용지, 특수지 제조 및 판매",2015-01-26,12월,한경록,http://www.hansolpaper.co.kr,서울특별시
014680,한솔케미칼,KOSPI,기초 화학물질 제조업,"과산화수소,라텍스,요소수지,수소액화탄산,차아황산소다 제조,판매,디지털카메라용 인화필름 제조,수출",1989-05-20,12월,박원환,http://www.hansolchemical.com,서울특별시
004710,한솔테크닉스,KOSPI,전자부품 제조업,"백라이트유닛,인버터,폴리바리콘,모니터,통신장비 제조",1988-07-06,12월,유경준,http://www.hansoltechnics.com,서울특별시
004150,한솔홀딩스,KOSPI,기타 금융업,"지주회사,경영자문컨설팅",1972-05-17,12월,이명길,http://www.hansol.com,서울특별시
025750,한솔홈데코,KOSPI,제재 및 목재 가공업,"PB,MDF,바닥재,강화,재생목재,LPM,제재목 제조,도소매,무역/임업,벌목관련 사업",2003-11-04,12월,김경록,http://www.hansolhomedeco.co.kr,서울특별시
004960,한신공영,KOSPI,건물 건설업,"토목공사,건축공사,주택건설,유통업(백화점),문화교실,주차장",1976-07-07,12월,"최문규,전재식(각자 대표이사)",http://www.hanshinc.com,경기도
011700,한신기계,KOSPI,일반 목적용 기계 제조업,"공기압축기,공구류 제조,판매/오파",1987-07-24,12월,최영민,http://www.hanshin.co.kr,경기도
001750,한양증권,KOSPI,금융 지원 서비스업,증권업,1988-03-04,12월,임재택,http://www.hygood.co.kr,서울특별시
001755,한양증권우,KOSPI,,,,,,,
018880,한온시스템,KOSPI,일반 목적용 기계 제조업,"자동차용부품(라디에이터,히터,에어콘,압축기,콘덴서,컴퓨레사) 제조,도매",1996-07-31,12월,대표이사 이수일,http://www.hanonsystems.com,대전광역시
009420,한올바이오파마,KOSPI,의약품 제조업,"의약품 제조,도매/부동산 임대",1989-12-18,12월,"정승원,박수진(공동대표이사)",http://www.hanall.co.kr,대전광역시
014130,한익스프레스,KOSPI,도로 화물 운송업,"특수화물 운송(유류,화학류,벌크제품 등),냉동차,탱크로리운송,복합운송 주선,임대,택배/특장차,중기 제조,판매",1989-07-25,12월,유인철,http://www.hanex.co.kr,경기도
300720,한일시멘트,KOSPI,"시멘트, 석회, 플라스터 및 그 제품 제조업","시멘트, 레미콘, 레미탈",2018-08-06,12월,"전근식, 오해근",http://www.hanilcement.com,서울특별시
002220,한일철강,KOSPI,1차 철강 제조업,"강관류,철판류,금속관류,건축자재,자동차부품 제조,도매",1988-10-07,12월,엄정헌,http://www.hanilsteel.co.kr,서울특별시
006390,한일현대시멘트,KOSPI,"시멘트, 석회, 플라스터 및 그 제품 제조업","시멘트,시멘트반제품 제조,판매/콘도미니엄,스키장,종합레저관광산업,체육진흥사업,사업서비스",1975-12-26,12월,"전근식, 오해근",http://WWW.HANILHDCEMENT.COM,서울특별시
003300,한일홀딩스,KOSPI,"시멘트, 석회, 플라스터 및 그 제품 제조업",지주사업,1969-11-20,12월,"허기호, 박지훈",http://www.hanil.com,서울특별시
051600,한전KPS,KOSPI,전기 및 통신 공사업,"일반전기공사,발전설비정비공사,점검,수리,엔지니어링",2007-12-14,12월,김홍연,http://www.kps.co.kr,전라남도
052690,한전기술,KOSPI,"건축기술, 엔지니어링 및 관련 기술 서비스업",원자력발전소 설계 등,2009-12-14,12월,김성암,http://www.kepco-enc.com,경상북도
130660,한전산업,KOSPI,"건축기술, 엔지니어링 및 관련 기술 서비스업","발전설비 운전·정비, 전기검침",2010-12-16,12월,함흥규,http://www.kepid.co.kr,서울특별시
002320,한진,KOSPI,도로 화물 운송업,"포장화물,택배산업,항만하역,고속버스사업,운수보관",1974-08-12,12월,노삼석,http://www.hanjin.com,서울특별시
003480,한진중공업홀딩스,KOSPI,연료용 가스 제조 및 배관공급업,지주회사,1956-03-03,12월,"조남호, 조원국",http://www.hhic-holdings.com,경기도
180640,한진칼,KOSPI,기타 금융업,"지주사업, 경영자문 및 컨설팅",2013-09-16,12월,"조원태, 류경표",http://www.hanjinkal.co.kr,서울특별시
18064K,한진칼우,KOSPI,,,,,,,
005110,한창,KOSPI,기계장비 및 관련 물품 도매업,"소화기, 통신장비 유통",1976-06-01,12월,이동우,http://www.hanchang.co.kr,부산광역시
009460,한창제지,KOSPI,"펄프, 종이 및 판지 제조업","마닐라판지,고급백판지(ALL PULP) 제조,판매,수출입",1987-12-23,12월,김길수ㆍ김승한(각자 대표이사),http://www.hcpaper.co.kr,경상남도
372910,한컴라이프케어,KOSPI,의료용 기기 제조업,"공기호흡기, 방독면, 보호복 등",2021-08-17,12월,김선영,http://www.hancomlifecare.com,경기도
000880,한화,KOSPI,기타 화학제품 제조업,"화약,화공품,자동선반류,공작기계 제조,전자교환기,건설,정보통신,종합무역/임직원 및 개인대상 교육,세미나 및 워크샵 중계,동영상광고",1976-06-24,12월,"김동관, 김승모, 양기원",http://www.hanwhacorp.co.kr,서울특별시
00088K,한화3우B,KOSPI,,,,,,,
452260,한화갤러리아,KOSPI,종합 소매업,백화점,2023-03-31,12월,김영훈,http://www.hanwhagalleria.co.kr,서울특별시
45226K,한화갤러리아우,KOSPI,,,,,,,
451800,한화리츠,KOSPI,부동산 임대 및 공급업,부동산투자,2023-03-27,04월,한화자산운용,,서울특별시
088350,한화생명,KOSPI,보험업,생명보험,2010-03-17,12월,여승주,http://www.hanwhalife.com,서울특별시
000370,한화손해보험,KOSPI,보험업,손해보험,1975-06-30,12월,나채범,http://www.hwgeneralins.com/,서울특별시
009830,한화솔루션,KOSPI,기초 화학물질 제조업,"합성수지,유화부문(LDPE,LLDPE)제품 제조,플라스틱가공품(PVC),CA,무기화학제품,부동산업",1974-06-19,12월,"남정운, 홍정권, 김동관",http://hcc.hanwha.co.kr,서울특별시
009835,한화솔루션우,KOSPI,,,,,,,
272210,한화시스템,KOSPI,전자부품 제조업,"정밀기기(육해공군관련전자제어시스템,열영상감시장비,탐지추적장치,전투지휘체계시스템) 제조",2019-11-13,12월,손재일,http://hanwhasystems.com,경상북도
012450,한화에어로스페이스,KOSPI,"항공기,우주선 및 부품 제조업","항공기엔진,특수방산장비 제조/정비사업",1987-05-27,12월,"손재일, 김동관",http://www.hanwhaaerospace.co.kr/,경상남도
082740,한화엔진,KOSPI,일반 목적용 기계 제조업,"대형선박용엔진,내연발전엔진",2011-01-04,12월,유문기,http://www.hanwha-engine.com,경상남도
042660,한화오션,KOSPI,선박 및 보트 건조업,선박 제조,2001-02-02,12월,김희철,http://www.hanwhaocean.com/pub/main/index.do,경상남도
000885,한화우,KOSPI,,,,,,,
489790,한화인더스트리얼솔루션즈,KOSPI,기타 금융업,비금융지주회사,2024-09-27,12월,안순홍,http://www.hanwhaindustrialsolutions.com/kr,경기도
003530,한화투자증권,KOSPI,금융 지원 서비스업,"유가증권 위탁매매,자기매매,인수주선",1986-11-25,12월,한두희,http://www.koreastock.co.kr,서울특별시
003535,한화투자증권우,KOSPI,,,,,,,
195870,해성디에스,KOSPI,전자부품 제조업,반도체 패키지용 Substrate,2016-06-24,12월,조병학,http://www.haesungds.com,경상남도
101530,해태제과식품,KOSPI,기타 식품 제조업,"홈런볼, 오예스, 맛동산, 부라보콘 등",2016-05-11,12월,"신정훈, 이상진(각자대표)",http://www.ht.co.kr,충청남도
143210,핸즈코퍼레이션,KOSPI,자동차 신품 부품 제조업,자동차 알루미늄 휠,2016-12-02,12월,승현창,http://www.handscorp.co.kr,인천광역시
000720,현대건설,KOSPI,토목 건설업,"공사수입,주택분양,건설산업부문 설계,감리 등 엔지니어링서비스",1984-12-22,12월,이한우,http://www.hdec.kr,서울특별시
000725,현대건설우,KOSPI,,,,,,,
453340,현대그린푸드,KOSPI,종합 소매업,"푸드서비스(단체급식), 식자재유통서비스, 공산품/생식품 유통서비스",2023-04-10,12월,박홍진,http://hyundaigreenfood.com,경기도
086280,현대글로비스,KOSPI,기타 운송관련 서비스업,"화물운송주선,화물포장,자동차 수리/산업용 기계장비 임대",2005-12-26,12월,이규복,http://www.glovis.net,서울특별시
064350,현대로템,KOSPI,철도장비 제조업,"철도차량, 특수중기, 산업기계",2013-10-30,12월,이용배,http://www.hyundai-rotem.co.kr,경상남도
079430,현대리바트,KOSPI,가구 제조업,"일반목재가구(책상,침실가구),주방가구,목창호,사무용가구,선실가구 제조",2005-11-22,12월,윤기철,http://www.hyundailivart.co.kr,경기도
012330,현대모비스,KOSPI,자동차 신품 부품 제조업,"자동차A/S용 부품,컨테이너,특수중기,산업기계제품 생산,판매,부품모듈화,부품수출사업,환경/플랜트사업,특수중기부문(컨테이너)",1989-09-05,12월,"정의선, 이규석",http://www.mobis.com,서울특별시
069960,현대백화점,KOSPI,종합 소매업,백화점,2002-11-25,12월,"정지선, 정지영 (각자대표)",http://home.e-hyundai.com,서울특별시
004560,현대비앤지스틸,KOSPI,1차 철강 제조업,"스텐레스냉연강판,특수강 제조",1987-03-24,12월,"대표이사 사장 정일선,대표이사 부사장 이선우(각자 대표이사)",http://www.hyundai-bngsteel.com,경상남도
004310,현대약품,KOSPI,의약품 제조업,"타코실, 마이녹실, 테놀민, 미에로화이바 등",1978-06-28,11월,이상준,http://www.hyundaipharm.co.kr,충청남도
017800,현대엘리베이,KOSPI,일반 목적용 기계 제조업,"엘리베이터,에스컬레이터,공항,공정,크린룸,병원 물류시스템,수,배송센터,고속소팅시스템,주차설비 제조,판매,보수",1996-07-03,12월,조재천,http://www.hyundaielevator.co.kr,충청북도
307950,현대오토에버,KOSPI,소프트웨어 개발 및 공급업,"전산실운영, 시스템구축, 전산장비 납품, SOC/건축 사업",2019-03-28,12월,김윤구,http://www.hyundai-autoever.com,서울특별시
011210,현대위아,KOSPI,자동차 신품 부품 제조업,"자동차부품, 공작기계 등",2011-02-21,12월,정재욱,http://www.hyundai-wia.com,경상남도
004020,현대제철,KOSPI,1차 철강 제조업,"H형강,제철,제강,철근,압연,스테인레스,주강,시트파일 제조,수출입,중기부품(탱크바퀴)제조,판매",1987-05-23,12월,서강현,http://www.hyundai-steel.com,인천광역시
005440,현대지에프홀딩스,KOSPI,기타 금융업,"백화점,여행알선,숙박,음식점/부동산 임대",1989-08-22,12월,"정지선, 장호진 (각자 대표이사)",http://https://www.hyundaigfholdings.co.kr/web/html/ko/CI/CI.html,서울특별시
005380,현대차,KOSPI,자동차용 엔진 및 자동차 제조업,"자동차(승용차,버스,트럭,특장차),자동차부품,자동차전착도료 제조,차량정비사업",1974-06-28,12월,"정의선, 이동석, 무뇨스 바르셀로 호세 안토니오(각자 대표이사)",http://www.hyundai.com,서울특별시
005387,현대차2우B,KOSPI,,,,,,,
005389,현대차3우B,KOSPI,,,,,,,
005385,현대차우,KOSPI,,,,,,,
001500,현대차증권,KOSPI,금융 지원 서비스업,"유가증권의매매,위탁매매,유가증권의 중개,대리/부동산 임대",1990-06-09,12월,배형근,http://hmsec.com,서울특별시
011760,현대코퍼레이션,KOSPI,상품 종합 도매업,"자동차,철강,기계,선박,플랜트,컴퓨터,전자제품 수출,수출입대행/자원(탄광,유전) 개발",1977-12-01,12월,"정몽혁, 김원갑, 장안석(각자대표이사)",http://www.hyundaicorp.co.kr,서울특별시
227840,현대코퍼레이션홀딩스,KOSPI,음·식료품 및 담배 도매업,"브랜드사업, 육류유통",2015-10-23,12월,"정몽혁, 김원갑(각자대표이사)",http://www.hyundaicorpholdings.com,서울특별시
126560,현대퓨처넷,KOSPI,전기 통신업,"디지털 사이니지, 기업 메시징 등",2010-12-23,12월,김성일,http://www.hyundaifuturenet.com,서울특별시
001450,현대해상,KOSPI,보험업,손해보험(자동차보험),1989-08-25,12월,"조용일, 이성재",http://www.hi.co.kr,서울특별시
057050,현대홈쇼핑,KOSPI,무점포 소매업,TV홈쇼핑 도소매/홈쇼핑프로그램 제작,2010-09-13,12월,"정교선, 한광영(각자 대표이사)",http://www.hmall.com,서울특별시
093240,형지엘리트,KOSPI,봉제의복 제조업,"학생복,스포츠의류,작업복 제조,도매",2009-09-28,06월,최준호,http://www.hyungji-elite.com,인천광역시
003010,혜인,KOSPI,기계장비 및 관련 물품 도매업,"건설기계,산업용 기계장비(진공흡인차,세정차),스테거크레인,비상용발전기,해상용엔진 도소매/창고",1988-09-20,12월,원경희,http://www.haein.com,서울특별시
111110,호전실업,KOSPI,봉제의복 제조업,스포츠웨어 및 아웃도어 웨어 OEM,2017-02-02,12월,박용철 박진호,http://www.hojeon.com,서울특별시
008770,호텔신라,KOSPI,기타 상품 전문 소매업,"면세판매,관광숙박,외식사업,예식업",1991-03-12,12월,이부진,http://www.hotelshilla.net,서울특별시
008775,호텔신라우,KOSPI,,,,,,,
378850,화승알앤에이,KOSPI,자동차 신품 부품 제조업,자동차용 고무제품,2021-03-15,12월,김형진,http://www.hsrna.com,경상남도
241590,화승엔터프라이즈,KOSPI,신발 및 신발 부분품 제조업,,2016-10-04,12월,이계영,http://www.hsenterprise.co.kr,부산광역시
006060,화승인더,KOSPI,플라스틱제품 제조업,"포장용 합성수지 제조/신발,필름 판매/부동산 임대",1991-02-04,12월,대표이사 현석호,http://www.hsi.co.kr,부산광역시
013520,화승코퍼레이션,KOSPI,자동차 신품 부품 제조업,"산업용 고무제품(호스시트,벨트,펜더 등) 제조, 판매",1991-02-22,12월,"허성룡,현지호",http://www.hscorp.com,부산광역시
010690,화신,KOSPI,자동차 신품 부품 제조업,"자동차엔진부품(ARM류,C/MBR류),자동차부품 제조",1994-01-14,12월,"정서진, 장의호",http://www.hwashin.co.kr,경상북도
133820,화인베스틸,KOSPI,1차 철강 제조업,"조선용 형강(부등변 부등후 앵글, 부등호 앵글, 등변앵글 평철 등)",2014-07-22,12월,정인호,http://www.finebesteel.com,경상남도
010660,화천기계,KOSPI,특수 목적용 기계 제조업,"선반,밀링,연삭기,CNC선반,CNC밀링,머시닝센타 제조,판매/자동차부품(실린더블럭) 제조",1988-12-12,12월,"권형석, 권형운 (공동대표이사)",http://www.hwacheon.co.kr,서울특별시
000850,화천기공,KOSPI,특수 목적용 기계 제조업,"CNC선반,CNC밀링,연마기(금속공작기계),MC공작기계,COPY밀링기계,주방품 제조,도매",1999-11-18,12월,"권형석, 권형도(공동대표이사)",http://www.hwacheon.com,광주광역시
016580,환인제약,KOSPI,의약품 제조업,"의약품(신경정신질환치료제,소화기관용약제,연고) 제조,도매",1996-07-03,12월,"이광식, 이원범(각자 대표이사)",http://www.whanin.co.kr,서울특별시
032560,황금에스티,KOSPI,1차 비철금속 제조업,"스테인레스 냉연, 열연",2009-10-29,12월,김종현,http://www.hwangkum.com,경기도
004800,효성,KOSPI,기타 금융업,"스판덱스,합성원사,나일론,폴리에스터,타이어코드지,PET병,수지제품,중전기제품(변압기,차단기),사무용기계,컴퓨터 제조/건축공사",1973-06-30,12월,"Hyun-Joon Cho, Kyoo-Young Kim",http://www.hyosung.com,서울특별시
094280,효성ITX,KOSPI,기타 사업지원 서비스업,"컨택센터서비스, Cloud솔루션, CDN, 프로젝터판매",2007-10-25,12월,"남경환, 홍혜진(각자대표이사)",http://www.hyosungitx.com,서울특별시
298040,효성중공업,KOSPI,"전동기, 발전기 및 전기 변환 · 공급 · 제어 장치 제조업",-,2018-07-13,12월,우태희,http://www.hyosungheavyindustries.com,서울특별시
298020,효성티앤씨,KOSPI,화학섬유 제조업,"섬유, 산업자재, 화학, 중공업, 건설, 무역,금융 등",2018-07-13,12월,김치형,http://www.hyosungtnc.com,서울특별시
298000,효성화학,KOSPI,기초 화학물질 제조업,-,2018-07-13,12월,이건종,http://www.hyosungchemical.com,서울특별시
093370,후성,KOSPI,기초 화학물질 제조업,"불소화물 제조,도매",2006-12-22,12월,김용민,http://www.foosungchem.com,경기도
081660,휠라홀딩스,KOSPI,생활용품 도매업,"스포츠의류,신발,가방,시계,골프장비,화장품,가죽제품(지갑,키홀더) 도매,수출입",2010-09-28,12월,윤근창,http://www.filaholdings.com/kr/main/index.asp,서울특별시
005870,휴니드,KOSPI,통신 및 방송 장비 제조업,"무선통신기기,군납용무전기,위성방송수신기 제조",1991-09-03,12월,신종석,http://www.huneed.com,인천광역시
079980,휴비스,KOSPI,화학섬유 제조업,"합성섬유(폴리에스테르원사,원면),재생섬유,폴리에스텔 원사,원면,고상칩 제조,도소매",2012-02-23,12월,김석현,http://www.huvis.com,서울특별시
005010,휴스틸,KOSPI,1차 철강 제조업,"강관(배관용,구조용,유정용) 제조,도매",1973-06-29,12월,박훈,http://www.husteel.com,서울특별시
000540,흥국화재,KOSPI,보험업,손해보험,1974-12-05,12월,송윤상,http://www.insurance.co.kr,서울특별시
000545,흥국화재우,KOSPI,,,,,,,
003280,흥아해운,KOSPI,해상 운송업,외항화물운송업(케미컬탱커),1976-06-29,12월,이환구,http://www.heung-a.com,서울특별시
